tenant_id,load_id,first_active_at,equipment,actual_carrier_rate_usd,point_estimate_usd,absolute_error_usd,range_lower_usd,range_upper_usd,range_contains_actual,tier,raw_evidence_count,effective_evidence_count,warnings
1809195d-a5b9-4636-a641-11a24defd203,0129254e-faca-4146-b918-756827ac83ed,2026-07-01T06:00:00+00:00,DRY_VAN,61275.00,,,,,,,0,0,NO_HISTORICAL_EVIDENCE
cd29af52-3bda-4111-ae6f-fa84031a1097,056dc284-aa6b-408e-a5f3-18f1cd24ddf9,2026-07-01T06:00:00+00:00,DRY_VAN,1250.00,,,,,,,0,0,NO_HISTORICAL_EVIDENCE
298918ea-e3d8-4983-9817-b137f3da39d4,09a2427a-6eb6-4da1-9772-58b877b84e7c,2026-07-01T06:00:00+00:00,DRY_VAN,61275.00,,,,,,,0,0,NO_HISTORICAL_EVIDENCE
29522728-0f37-4eb8-8f7b-7089d34e417c,152f975e-3c27-4dfc-a530-be57a85003c3,2026-07-01T06:00:00+00:00,DRY_VAN,1150.00,,,,,,,0,0,NO_HISTORICAL_EVIDENCE
6f3e9718-5289-4ca8-ba4d-d8fec64b053f,16bbbc5e-e2ea-4a18-b1f7-a878cc7b9de8,2026-07-01T06:00:00+00:00,DRY_VAN,1250.00,,,,,,,0,0,NO_HISTORICAL_EVIDENCE
62f381e5-c151-4b1e-a90e-4b443e7f404e,18f73405-c63b-418a-a5c5-8e5bc9687894,2026-07-01T06:00:00+00:00,DRY_VAN,61275.00,,,,,,,0,0,NO_HISTORICAL_EVIDENCE
6a7c4d60-2df3-4b9b-825b-19ddb2672ef1,1b53ae92-3332-480c-82dd-8e58a4388056,2026-07-01T06:00:00+00:00,DRY_VAN,6000.00,,,,,,,0,0,NO_HISTORICAL_EVIDENCE
814dc5d5-2e1f-4c2f-b01c-f750fa05e0eb,1d09f98e-724b-4c12-a8bb-51e6931a11cf,2026-07-01T06:00:00+00:00,DRY_VAN,61275.00,,,,,,,0,0,NO_HISTORICAL_EVIDENCE
92d3c2fd-bfcf-4db0-8b1b-93599b7e5636,1f8919dc-715a-4a54-8ce1-15d73a351078,2026-07-01T06:00:00+00:00,DRY_VAN,61275.00,,,,,,,0,0,NO_HISTORICAL_EVIDENCE
8ff64c2f-c867-4b24-b73c-3a0c871c55c8,26f281c4-cda6-48d9-956e-a4708202a26d,2026-07-01T06:00:00+00:00,DRY_VAN,1250.00,,,,,,,0,0,NO_HISTORICAL_EVIDENCE
bdb1d228-64e5-4e8c-974c-66af7c705286,3086aaa8-5456-4e4f-ab36-ad78ec8df63a,2026-07-01T06:00:00+00:00,DRY_VAN,1150.00,,,,,,,0,0,NO_HISTORICAL_EVIDENCE
47208254-d95c-4a01-89c2-c6feb4111ae6,313beef7-9881-43e8-a0d5-504c29abb5e9,2026-07-01T06:00:00+00:00,DRY_VAN,6000.00,,,,,,,0,0,NO_HISTORICAL_EVIDENCE
2c6368c8-d49e-4f04-9b25-dd909bb2421b,381bc532-07ba-4f2e-8b37-d2b9635733b7,2026-07-01T06:00:00+00:00,DRY_VAN,1250.00,,,,,,,0,0,NO_HISTORICAL_EVIDENCE
419f01e6-c8f2-44fd-b11c-75e17f164648,3bf0df3b-0a1a-407f-bea5-50d6ab0d65f6,2026-07-01T06:00:00+00:00,DRY_VAN,1250.00,,,,,,,0,0,NO_HISTORICAL_EVIDENCE
7e7aa750-b66d-45af-a64d-399994ef9f68,41795517-7a5d-458d-9242-84f6977dcf95,2026-07-01T06:00:00+00:00,DRY_VAN,61275.00,,,,,,,0,0,NO_HISTORICAL_EVIDENCE
378d7f8e-327b-4f12-b2dd-241aec0e67b8,42cce69b-7632-49e8-b6cd-2b0d338d963a,2026-07-01T06:00:00+00:00,DRY_VAN,6000.00,,,,,,,0,0,NO_HISTORICAL_EVIDENCE
31274c59-2515-4179-891b-142b8eba6a71,4ad17a06-aa68-4459-9b4f-719b8c7073ee,2026-07-01T06:00:00+00:00,DRY_VAN,1150.00,,,,,,,0,0,NO_HISTORICAL_EVIDENCE
cf7101d0-9d14-48d7-9d24-8bab0d708561,4ea6cde3-f67c-4cb6-9801-d04efe787425,2026-07-01T06:00:00+00:00,DRY_VAN,1250.00,,,,,,,0,0,NO_HISTORICAL_EVIDENCE
5511aa9c-d754-4c54-bd76-0428712de352,51704e51-2fae-436e-8694-052701e401b0,2026-07-01T06:00:00+00:00,REEFER,1250.00,,,,,,,0,0,NO_HISTORICAL_EVIDENCE
1a1607d3-5479-43cb-9192-70ebac815a5e,546c3d69-0273-4208-9aed-00d71a306961,2026-07-01T06:00:00+00:00,DRY_VAN,61275.00,,,,,,,0,0,NO_HISTORICAL_EVIDENCE
d10e95f7-e881-4f92-a383-e9420b2ff92f,5702d43e-205a-43e4-84b8-2c382573a978,2026-07-01T06:00:00+00:00,REEFER,1250.00,,,,,,,0,0,NO_HISTORICAL_EVIDENCE
a13d3ba6-bb53-4a3a-bc92-aed94753c1ab,596668ce-7820-446a-8a89-015128c31ba6,2026-07-01T06:00:00+00:00,DRY_VAN,6000.00,,,,,,,0,0,NO_HISTORICAL_EVIDENCE
960d49cd-53f6-4f2c-9004-ffb7ce3c7b80,5c73c1bb-52a2-4d0c-bbaf-3f337138912b,2026-07-01T06:00:00+00:00,DRY_VAN,6000.00,,,,,,,0,0,NO_HISTORICAL_EVIDENCE
2bddccf5-a812-4944-9d3e-c04f4c68e9f6,5ebd8cf0-8523-4d25-aab2-e195f588e5f7,2026-07-01T06:00:00+00:00,REEFER,1250.00,,,,,,,0,0,NO_HISTORICAL_EVIDENCE
89ae7c01-da9a-46b2-ba9f-f18eec8d1ff8,6090e489-a833-4ca3-8fe4-483733df9e6f,2026-07-01T06:00:00+00:00,DRY_VAN,61275.00,,,,,,,0,0,NO_HISTORICAL_EVIDENCE
d8845348-28d0-4c7a-8d78-83ac40503961,619aab82-c78d-4ceb-ba56-31cbb957a602,2026-07-01T06:00:00+00:00,DRY_VAN,61275.00,,,,,,,0,0,NO_HISTORICAL_EVIDENCE
602f06ba-9e92-45ad-a947-1ef9f2123b9a,687b7f29-2978-4e19-bc90-b1a9d96c7053,2026-07-01T06:00:00+00:00,DRY_VAN,1150.00,,,,,,,0,0,NO_HISTORICAL_EVIDENCE
70bd3209-24f0-409c-8782-2586991b64fb,68b8119b-635f-4e71-9f3b-521aa404bfd5,2026-07-01T06:00:00+00:00,DRY_VAN,1250.00,,,,,,,0,0,NO_HISTORICAL_EVIDENCE
7b4a6edf-1e2a-48a1-9652-372f90d87b74,98a20002-2903-48d9-b598-44522d6c9c55,2026-07-01T06:00:00+00:00,REEFER,1250.00,,,,,,,0,0,NO_HISTORICAL_EVIDENCE
155174b2-2ed0-468d-abd5-c3f38705e24b,9bd92d2e-5476-4449-afbb-07e30cfe1bfe,2026-07-01T06:00:00+00:00,REEFER,1250.00,,,,,,,0,0,NO_HISTORICAL_EVIDENCE
3e10e325-5a0e-45dc-9aab-43b4538eab01,9ee8801a-cb5d-44a3-8675-a07728f4e287,2026-07-01T06:00:00+00:00,DRY_VAN,6000.00,,,,,,,0,0,NO_HISTORICAL_EVIDENCE
b826cc4c-9ba1-488d-ae75-bfb9b5826cb4,a34d1f23-c2e8-46de-8075-c6dad48ed115,2026-07-01T06:00:00+00:00,DRY_VAN,1250.00,,,,,,,0,0,NO_HISTORICAL_EVIDENCE
6c1e4ec4-5af0-47cc-9d63-044f6314607e,a5a51cb8-1863-4fde-846b-36faaadd3eeb,2026-07-01T06:00:00+00:00,REEFER,1250.00,,,,,,,0,0,NO_HISTORICAL_EVIDENCE
7bdce099-716d-47a6-a983-2a145e175f89,a7b2a138-b731-4660-a2a3-454a5fe55ce6,2026-07-01T06:00:00+00:00,DRY_VAN,1250.00,,,,,,,0,0,NO_HISTORICAL_EVIDENCE
6d1422b6-08b4-45fd-afb8-a3af07706be7,a8b63e9a-022d-44b6-ada0-2be8d6ff3735,2026-07-01T06:00:00+00:00,REEFER,1250.00,,,,,,,0,0,NO_HISTORICAL_EVIDENCE
ee938e9e-cf7f-4605-a910-cf6fdccb2d57,b90c6d18-fed0-4ad5-8bc6-0c9bc841ed62,2026-07-01T06:00:00+00:00,REEFER,1250.00,,,,,,,0,0,NO_HISTORICAL_EVIDENCE
52bb8652-5bcd-478a-97f0-740422e2f8f7,c423f8af-3b6e-4f34-8ee3-73d8311bbda0,2026-07-01T06:00:00+00:00,REEFER,1250.00,,,,,,,0,0,NO_HISTORICAL_EVIDENCE
8f7d7c30-777b-474f-9336-a9767966e918,c6967e2f-88d6-4bdd-af42-5e5116c0d542,2026-07-01T06:00:00+00:00,REEFER,1250.00,,,,,,,0,0,NO_HISTORICAL_EVIDENCE
2011cd67-59cb-41ea-82e0-3a705c910ea3,cd156425-3d64-4bd3-87dd-6b116fdcc420,2026-07-01T06:00:00+00:00,DRY_VAN,1250.00,,,,,,,0,0,NO_HISTORICAL_EVIDENCE
79551c4f-2b42-478e-88c8-69fc6e1a9043,d0dea1d1-efa1-4741-a103-4a48f54363fa,2026-07-01T06:00:00+00:00,DRY_VAN,1150.00,,,,,,,0,0,NO_HISTORICAL_EVIDENCE
efd8c4ed-adfa-4350-aeb4-ff6794235621,d2f1023b-1d83-43ad-a23f-84c798486c32,2026-07-01T06:00:00+00:00,DRY_VAN,1250.00,,,,,,,0,0,NO_HISTORICAL_EVIDENCE
7ccd4aad-b1f6-4539-8514-4862ebab34c9,d5843838-de86-4755-b39e-66906d4f69ce,2026-07-01T06:00:00+00:00,REEFER,1250.00,,,,,,,0,0,NO_HISTORICAL_EVIDENCE
e01ac9da-098d-42af-9a47-6e31ab02d928,dd6fd17f-22f8-41b7-9ca7-16de75f3862a,2026-07-01T06:00:00+00:00,DRY_VAN,1150.00,,,,,,,0,0,NO_HISTORICAL_EVIDENCE
5c5da80e-348f-4a0d-b33b-58d1cca74d5f,dec43b17-78aa-40ba-8337-3a56c958f271,2026-07-01T06:00:00+00:00,DRY_VAN,6000.00,,,,,,,0,0,NO_HISTORICAL_EVIDENCE
b908c5af-1260-43a5-afcf-056379365d90,e100642a-4b5b-47c5-92d4-36fe112f9438,2026-07-01T06:00:00+00:00,DRY_VAN,1250.00,,,,,,,0,0,NO_HISTORICAL_EVIDENCE
2fdf5ab6-6379-46e8-baa8-cf7ed24e37e6,ebdbd7f2-e810-4ce3-81a5-09d26fc0b482,2026-07-01T06:00:00+00:00,DRY_VAN,1250.00,,,,,,,0,0,NO_HISTORICAL_EVIDENCE
a7586881-129c-40eb-bfda-fa608063237f,ed86dcf2-fef6-4e69-89d3-99de37a7b45a,2026-07-01T06:00:00+00:00,REEFER,1250.00,,,,,,,0,0,NO_HISTORICAL_EVIDENCE
59204de3-b671-422b-99e3-7566e7cf2d7b,f3e975dc-4569-4a18-8cfc-78a4afba3e40,2026-07-01T06:00:00+00:00,REEFER,1250.00,,,,,,,0,0,NO_HISTORICAL_EVIDENCE
6c3753d2-8676-4db0-9d59-53b94eca35af,f3f46b3b-e1c2-423c-9b6c-a4887cc2cef9,2026-07-01T06:00:00+00:00,DRY_VAN,61275.00,,,,,,,0,0,NO_HISTORICAL_EVIDENCE
fbd1d91a-fe77-4344-bcf6-c163483324a5,199373f7-a5a9-4fee-8a13-baf386b66396,2026-07-01T12:00:00+00:00,REEFER,1575.00,,,,,,,0,0,NO_HISTORICAL_EVIDENCE
bdcc5ab0-e006-482b-9e1c-f5c6a232dfbe,1e6f54f2-09f1-4d25-8173-ead274818207,2026-07-01T12:00:00+00:00,REEFER,1575.00,,,,,,,0,0,NO_HISTORICAL_EVIDENCE
a8ebeb69-a5ea-4d82-9e1a-6defac541611,1ff75038-61f6-478a-bccd-8516d4b99ce6,2026-07-01T12:00:00+00:00,REEFER,1575.00,,,,,,,0,0,NO_HISTORICAL_EVIDENCE
0008a324-370d-48e4-b240-4d670ef1823c,474fab05-b78b-4190-8190-a2689cb24255,2026-07-01T12:00:00+00:00,REEFER,1575.00,,,,,,,0,0,NO_HISTORICAL_EVIDENCE
3171f4ce-fbfe-428b-ab9a-2c97998da573,4d7bc798-56af-4f42-85a4-31cdf92b20b7,2026-07-01T12:00:00+00:00,REEFER,1575.00,,,,,,,0,0,NO_HISTORICAL_EVIDENCE
067c74d7-43aa-4cdd-9126-4cef74ff3635,7be1fc18-3aa4-4fb0-81b7-05f220bf9526,2026-07-01T12:00:00+00:00,REEFER,1575.00,,,,,,,0,0,NO_HISTORICAL_EVIDENCE
cf0d1b2a-1487-4623-a125-b47c4e2d3798,b1154489-ae3d-4afb-abc5-9b294dc0d94a,2026-07-01T12:00:00+00:00,REEFER,1575.00,,,,,,,0,0,NO_HISTORICAL_EVIDENCE
15a37d3e-e59f-46ce-8d94-d8b6535171b2,bae7cb91-077c-43f4-9b15-7e25dd7f978d,2026-07-01T12:00:00+00:00,REEFER,1575.00,,,,,,,0,0,NO_HISTORICAL_EVIDENCE
2c5ff1d4-134e-4ea1-b7f3-d4e026a20e44,c8ca8caa-9539-4537-961a-2f5f1c75ec04,2026-07-01T12:00:00+00:00,REEFER,1575.00,,,,,,,0,0,NO_HISTORICAL_EVIDENCE
039ace31-abaa-419b-8662-f59b9bff2baa,ddca15c0-aa74-4864-9555-2ed9779a533a,2026-07-01T12:00:00+00:00,REEFER,1575.00,,,,,,,0,0,NO_HISTORICAL_EVIDENCE
a8ebeb69-a5ea-4d82-9e1a-6defac541611,073f1f05-a1bc-4977-8bfa-176625b46131,2026-07-01T18:00:00+00:00,REEFER,1575.00,,,,,,,0,0,NO_HISTORICAL_EVIDENCE
2c5ff1d4-134e-4ea1-b7f3-d4e026a20e44,3983babe-aecf-4680-9a8d-1f3a6c3d16f8,2026-07-01T18:00:00+00:00,REEFER,1575.00,,,,,,,0,0,NO_HISTORICAL_EVIDENCE
bdcc5ab0-e006-482b-9e1c-f5c6a232dfbe,4a3ab4e6-e261-4210-af3b-aa7291998c0f,2026-07-01T18:00:00+00:00,REEFER,1575.00,,,,,,,0,0,NO_HISTORICAL_EVIDENCE
15a37d3e-e59f-46ce-8d94-d8b6535171b2,5329b4cd-2efd-48a5-b671-9141b0abfe12,2026-07-01T18:00:00+00:00,REEFER,1575.00,,,,,,,0,0,NO_HISTORICAL_EVIDENCE
3171f4ce-fbfe-428b-ab9a-2c97998da573,5a64d222-a6e7-4f8d-bad9-07adc103fc25,2026-07-01T18:00:00+00:00,REEFER,1575.00,,,,,,,0,0,NO_HISTORICAL_EVIDENCE
039ace31-abaa-419b-8662-f59b9bff2baa,5bf7eba0-e18b-4a17-b4e6-4a147114093c,2026-07-01T18:00:00+00:00,REEFER,1575.00,,,,,,,0,0,NO_HISTORICAL_EVIDENCE
fbd1d91a-fe77-4344-bcf6-c163483324a5,65c62acf-8b32-43d8-9e9c-e0fcb6062f82,2026-07-01T18:00:00+00:00,REEFER,1575.00,,,,,,,0,0,NO_HISTORICAL_EVIDENCE
067c74d7-43aa-4cdd-9126-4cef74ff3635,80a31499-d005-4983-8f39-1c1a1a50b7c8,2026-07-01T18:00:00+00:00,REEFER,1575.00,,,,,,,0,0,NO_HISTORICAL_EVIDENCE
cf0d1b2a-1487-4623-a125-b47c4e2d3798,a59b771b-6aa0-4d2f-8acc-7300e7fccebe,2026-07-01T18:00:00+00:00,REEFER,1575.00,,,,,,,0,0,NO_HISTORICAL_EVIDENCE
0008a324-370d-48e4-b240-4d670ef1823c,be0a2ef0-c1a7-4ddd-a292-43566678e354,2026-07-01T18:00:00+00:00,REEFER,1575.00,,,,,,,0,0,NO_HISTORICAL_EVIDENCE
3f498bb2-ed18-4fac-b57d-afbc95ddb19d,0340c13d-d7ec-4f5c-8e7b-147778444dbe,2026-07-02T06:00:00+00:00,DRY_VAN,1275.00,,,,,,,0,0,NO_HISTORICAL_EVIDENCE
ae14c92a-f453-4f15-ae9d-14a76bb0fdbc,0ae72fc7-1f32-4b82-8d08-9d6371a9b259,2026-07-02T06:00:00+00:00,DRY_VAN,1275.00,,,,,,,0,0,NO_HISTORICAL_EVIDENCE
e7c4eaa2-4b2c-4ae7-9994-7d24662cf043,12940c30-74b9-474d-8d4d-07a1bd1096c5,2026-07-02T06:00:00+00:00,DRY_VAN,1275.00,,,,,,,0,0,NO_HISTORICAL_EVIDENCE
f8d0a813-d014-4ae2-aa25-cb60b9945b8a,318e8a0e-38f8-495f-9d27-3b66bbcbf801,2026-07-02T06:00:00+00:00,DRY_VAN,1275.00,,,,,,,0,0,NO_HISTORICAL_EVIDENCE
ed247bae-4717-4d73-9827-17a0e0caef08,35dbef44-c9c7-491f-862c-9834bb9bc95a,2026-07-02T06:00:00+00:00,DRY_VAN,1275.00,,,,,,,0,0,NO_HISTORICAL_EVIDENCE
36088edf-4799-472a-bca8-84b56b079623,50411adf-ec22-4fdb-bc95-c79b4796e4e0,2026-07-02T06:00:00+00:00,DRY_VAN,1275.00,,,,,,,0,0,NO_HISTORICAL_EVIDENCE
ae0cb1b3-71c7-4b6c-820d-1c0f4f490368,a043e425-3ad4-4d38-83d7-7370ecee1888,2026-07-02T06:00:00+00:00,DRY_VAN,1275.00,,,,,,,0,0,NO_HISTORICAL_EVIDENCE
76a4356e-8ece-4f40-a202-32d6f21170e7,e16d2287-7af2-4c02-bbe4-ed4718397312,2026-07-02T06:00:00+00:00,DRY_VAN,1275.00,,,,,,,0,0,NO_HISTORICAL_EVIDENCE
8fd2a5db-c672-40f7-b61b-c778885552c2,f9b3c9d1-8717-400c-aa47-dcdca1d7aa98,2026-07-02T06:00:00+00:00,DRY_VAN,1275.00,,,,,,,0,0,NO_HISTORICAL_EVIDENCE
1542969d-168a-4671-9411-41e61edcfa47,fcc2cd48-679e-419c-9097-7f0371db5c0d,2026-07-02T06:00:00+00:00,DRY_VAN,1275.00,,,,,,,0,0,NO_HISTORICAL_EVIDENCE
1542969d-168a-4671-9411-41e61edcfa47,1955b559-a78b-486c-aea0-fa332d81d690,2026-07-02T12:00:00+00:00,DRY_VAN,1275.00,,,,,,,0,0,NO_HISTORICAL_EVIDENCE
8fd2a5db-c672-40f7-b61b-c778885552c2,27c405a3-1e53-4411-80e8-927a4f157ea0,2026-07-02T12:00:00+00:00,DRY_VAN,1275.00,,,,,,,0,0,NO_HISTORICAL_EVIDENCE
3f498bb2-ed18-4fac-b57d-afbc95ddb19d,331d0ddf-f3d4-4509-bd84-7ff34103801b,2026-07-02T12:00:00+00:00,DRY_VAN,1275.00,,,,,,,0,0,NO_HISTORICAL_EVIDENCE
ed247bae-4717-4d73-9827-17a0e0caef08,3ed14cff-a800-4c12-bad7-97dc500b0221,2026-07-02T12:00:00+00:00,DRY_VAN,1275.00,,,,,,,0,0,NO_HISTORICAL_EVIDENCE
ae0cb1b3-71c7-4b6c-820d-1c0f4f490368,5a9c16c6-58d4-4485-a51c-907c5c39f994,2026-07-02T12:00:00+00:00,DRY_VAN,1275.00,,,,,,,0,0,NO_HISTORICAL_EVIDENCE
ae14c92a-f453-4f15-ae9d-14a76bb0fdbc,ae686c7b-b730-47e2-a088-03ad1d42a4b2,2026-07-02T12:00:00+00:00,DRY_VAN,1275.00,,,,,,,0,0,NO_HISTORICAL_EVIDENCE
f8d0a813-d014-4ae2-aa25-cb60b9945b8a,d33d989b-c293-4933-876c-ae2da67f1231,2026-07-02T12:00:00+00:00,DRY_VAN,1275.00,,,,,,,0,0,NO_HISTORICAL_EVIDENCE
76a4356e-8ece-4f40-a202-32d6f21170e7,dc738048-3c70-478e-acef-78f8bfac9383,2026-07-02T12:00:00+00:00,DRY_VAN,1275.00,,,,,,,0,0,NO_HISTORICAL_EVIDENCE
36088edf-4799-472a-bca8-84b56b079623,f9e115da-7f0f-4ed9-956e-7f8c27cf6ce4,2026-07-02T12:00:00+00:00,DRY_VAN,1275.00,,,,,,,0,0,NO_HISTORICAL_EVIDENCE
e7c4eaa2-4b2c-4ae7-9994-7d24662cf043,fd2bc586-ba33-4eda-9bae-454f9d114b14,2026-07-02T12:00:00+00:00,DRY_VAN,1275.00,,,,,,,0,0,NO_HISTORICAL_EVIDENCE
8fd2a5db-c672-40f7-b61b-c778885552c2,01e87c95-7014-4ca1-9920-f95c1b2a562f,2026-07-02T18:00:00+00:00,REEFER,1275.00,,,,,,,0,0,NO_HISTORICAL_EVIDENCE
2fdf5ab6-6379-46e8-baa8-cf7ed24e37e6,20c1128e-a14b-40ec-ba74-0264cfeb9e07,2026-07-02T18:00:00+00:00,DRY_VAN,1250.00,1225.00,25.00,1225.00,1225.00,false,NEAR_EXACT,1,1,SPARSE_EVIDENCE
2011cd67-59cb-41ea-82e0-3a705c910ea3,26d0749c-cb0e-484e-ba16-6ec83ac0735e,2026-07-02T18:00:00+00:00,DRY_VAN,1250.00,1225.00,25.00,1225.00,1225.00,false,NEAR_EXACT,1,1,SPARSE_EVIDENCE
7b4a6edf-1e2a-48a1-9652-372f90d87b74,2cb2ac34-5861-473a-bd56-e8b27a66161c,2026-07-02T18:00:00+00:00,REEFER,1250.00,1225.00,25.00,1225.00,1225.00,false,NEAR_EXACT,1,1,SPARSE_EVIDENCE
5c5da80e-348f-4a0d-b33b-58d1cca74d5f,3258c0d5-1dbf-4b89-98ea-44c209195347,2026-07-02T18:00:00+00:00,DRY_VAN,6000.00,4750.00,1250.00,4750.00,4750.00,false,REGIONAL,1,1,SPARSE_EVIDENCE
52bb8652-5bcd-478a-97f0-740422e2f8f7,340518b4-d709-47d2-b2ca-beb2e94230b4,2026-07-02T18:00:00+00:00,REEFER,1250.00,1225.00,25.00,1225.00,1225.00,false,NEAR_EXACT,1,1,SPARSE_EVIDENCE
b826cc4c-9ba1-488d-ae75-bfb9b5826cb4,3ba76956-0236-490f-b792-503075bb558d,2026-07-02T18:00:00+00:00,DRY_VAN,1250.00,1225.00,25.00,1225.00,1225.00,false,NEAR_EXACT,1,1,SPARSE_EVIDENCE
1542969d-168a-4671-9411-41e61edcfa47,40c8686c-bb58-4b1c-ae74-75918dc6ddb6,2026-07-02T18:00:00+00:00,REEFER,1275.00,,,,,,,0,0,NO_HISTORICAL_EVIDENCE
8ff64c2f-c867-4b24-b73c-3a0c871c55c8,489e951d-8f1c-4b22-b984-778d523e953e,2026-07-02T18:00:00+00:00,DRY_VAN,1250.00,1225.00,25.00,1225.00,1225.00,false,NEAR_EXACT,1,1,SPARSE_EVIDENCE
419f01e6-c8f2-44fd-b11c-75e17f164648,4ea0d6ab-ad2f-422e-87ca-196d61737c21,2026-07-02T18:00:00+00:00,DRY_VAN,1250.00,1225.00,25.00,1225.00,1225.00,false,NEAR_EXACT,1,1,SPARSE_EVIDENCE
155174b2-2ed0-468d-abd5-c3f38705e24b,512b1b39-d802-4232-97b9-b9df40855dcf,2026-07-02T18:00:00+00:00,REEFER,1250.00,1225.00,25.00,1225.00,1225.00,false,NEAR_EXACT,1,1,SPARSE_EVIDENCE
bdb1d228-64e5-4e8c-974c-66af7c705286,51c99318-f9ac-4b2d-a070-844ecac96328,2026-07-02T18:00:00+00:00,DRY_VAN,1150.00,1150.00,0.00,1150.00,1150.00,true,REGIONAL,1,1,SPARSE_EVIDENCE
ae0cb1b3-71c7-4b6c-820d-1c0f4f490368,5470cca1-2f5a-46c1-958b-b96dce705f13,2026-07-02T18:00:00+00:00,REEFER,1275.00,,,,,,,0,0,NO_HISTORICAL_EVIDENCE
602f06ba-9e92-45ad-a947-1ef9f2123b9a,562914f6-f4a0-420a-bd58-2fe2f21dcabc,2026-07-02T18:00:00+00:00,DRY_VAN,1150.00,1150.00,0.00,1150.00,1150.00,true,REGIONAL,1,1,SPARSE_EVIDENCE
e7c4eaa2-4b2c-4ae7-9994-7d24662cf043,5810f8e3-afbc-40c5-9fd4-b64274f076bb,2026-07-02T18:00:00+00:00,REEFER,1275.00,,,,,,,0,0,NO_HISTORICAL_EVIDENCE
3f498bb2-ed18-4fac-b57d-afbc95ddb19d,5920dc2f-7577-4127-9b8b-855c69442931,2026-07-02T18:00:00+00:00,REEFER,1275.00,,,,,,,0,0,NO_HISTORICAL_EVIDENCE
6c1e4ec4-5af0-47cc-9d63-044f6314607e,5f2168b5-01e6-4d69-b2d6-ed541a55dc25,2026-07-02T18:00:00+00:00,REEFER,1250.00,1225.00,25.00,1225.00,1225.00,false,NEAR_EXACT,1,1,SPARSE_EVIDENCE
70bd3209-24f0-409c-8782-2586991b64fb,6e859801-4c00-4185-9960-c5096a101ef0,2026-07-02T18:00:00+00:00,DRY_VAN,1250.00,1225.00,25.00,1225.00,1225.00,false,NEAR_EXACT,1,1,SPARSE_EVIDENCE
2bddccf5-a812-4944-9d3e-c04f4c68e9f6,77a1112b-2ea4-4c51-a788-7e0ab18e1766,2026-07-02T18:00:00+00:00,REEFER,1250.00,1225.00,25.00,1225.00,1225.00,false,NEAR_EXACT,1,1,SPARSE_EVIDENCE
79551c4f-2b42-478e-88c8-69fc6e1a9043,7cf38713-62d0-44f9-9b62-8a5464c5a4f3,2026-07-02T18:00:00+00:00,DRY_VAN,1150.00,1150.00,0.00,1150.00,1150.00,true,REGIONAL,1,1,SPARSE_EVIDENCE
6a7c4d60-2df3-4b9b-825b-19ddb2672ef1,7d142405-6db3-4fc0-86a7-eb60cb06121a,2026-07-02T18:00:00+00:00,DRY_VAN,6000.00,4750.00,1250.00,4750.00,4750.00,false,REGIONAL,1,1,SPARSE_EVIDENCE
59204de3-b671-422b-99e3-7566e7cf2d7b,7fa90fd1-7862-4831-94c3-e87be9b8765e,2026-07-02T18:00:00+00:00,REEFER,1250.00,1225.00,25.00,1225.00,1225.00,false,NEAR_EXACT,1,1,SPARSE_EVIDENCE
f8d0a813-d014-4ae2-aa25-cb60b9945b8a,82a31556-1d71-4b0e-8778-c3cbc6ddb176,2026-07-02T18:00:00+00:00,REEFER,1275.00,,,,,,,0,0,NO_HISTORICAL_EVIDENCE
7ccd4aad-b1f6-4539-8514-4862ebab34c9,840ae3dd-5b09-4328-a594-910f40ab954b,2026-07-02T18:00:00+00:00,REEFER,1250.00,1225.00,25.00,1225.00,1225.00,false,NEAR_EXACT,1,1,SPARSE_EVIDENCE
8f7d7c30-777b-474f-9336-a9767966e918,84f87848-1326-4310-a43c-8d747c227b1c,2026-07-02T18:00:00+00:00,REEFER,1250.00,1225.00,25.00,1225.00,1225.00,false,NEAR_EXACT,1,1,SPARSE_EVIDENCE
a13d3ba6-bb53-4a3a-bc92-aed94753c1ab,8873c792-8349-4787-9b75-795a9468ae04,2026-07-02T18:00:00+00:00,DRY_VAN,6000.00,4750.00,1250.00,4750.00,4750.00,false,REGIONAL,1,1,SPARSE_EVIDENCE
7bdce099-716d-47a6-a983-2a145e175f89,8a8138f7-e469-455d-a0ba-9ba51715d845,2026-07-02T18:00:00+00:00,DRY_VAN,1250.00,1225.00,25.00,1225.00,1225.00,false,NEAR_EXACT,1,1,SPARSE_EVIDENCE
ae14c92a-f453-4f15-ae9d-14a76bb0fdbc,94d4f3e6-415b-4623-8f7a-ec2a99f49b9d,2026-07-02T18:00:00+00:00,REEFER,1275.00,,,,,,,0,0,NO_HISTORICAL_EVIDENCE
d10e95f7-e881-4f92-a383-e9420b2ff92f,99b48f3e-50d5-4000-a2bd-25eb04c31a19,2026-07-02T18:00:00+00:00,REEFER,1250.00,1225.00,25.00,1225.00,1225.00,false,NEAR_EXACT,1,1,SPARSE_EVIDENCE
29522728-0f37-4eb8-8f7b-7089d34e417c,9b7704cb-b9f3-4d82-b64d-85f0b2c07ad5,2026-07-02T18:00:00+00:00,DRY_VAN,1150.00,1150.00,0.00,1150.00,1150.00,true,REGIONAL,1,1,SPARSE_EVIDENCE
e01ac9da-098d-42af-9a47-6e31ab02d928,a1e064c5-0757-4633-ba19-474cd025b62b,2026-07-02T18:00:00+00:00,DRY_VAN,1150.00,1150.00,0.00,1150.00,1150.00,true,REGIONAL,1,1,SPARSE_EVIDENCE
76a4356e-8ece-4f40-a202-32d6f21170e7,a2f1f502-0147-4763-a807-934dfffa3348,2026-07-02T18:00:00+00:00,REEFER,1275.00,,,,,,,0,0,NO_HISTORICAL_EVIDENCE
6d1422b6-08b4-45fd-afb8-a3af07706be7,a46cc708-f155-4200-a825-c418610770ed,2026-07-02T18:00:00+00:00,REEFER,1250.00,1225.00,25.00,1225.00,1225.00,false,NEAR_EXACT,1,1,SPARSE_EVIDENCE
b908c5af-1260-43a5-afcf-056379365d90,a58fd7fd-2804-4854-985d-d30fecac9eab,2026-07-02T18:00:00+00:00,DRY_VAN,1250.00,1225.00,25.00,1225.00,1225.00,false,NEAR_EXACT,1,1,SPARSE_EVIDENCE
ed247bae-4717-4d73-9827-17a0e0caef08,b1526c51-6fe3-47db-a3c8-fc9ffce10b7d,2026-07-02T18:00:00+00:00,REEFER,1275.00,,,,,,,0,0,NO_HISTORICAL_EVIDENCE
3e10e325-5a0e-45dc-9aab-43b4538eab01,b3111987-2962-457d-8e59-28dcb8e006f6,2026-07-02T18:00:00+00:00,DRY_VAN,6000.00,4750.00,1250.00,4750.00,4750.00,false,REGIONAL,1,1,SPARSE_EVIDENCE
378d7f8e-327b-4f12-b2dd-241aec0e67b8,b926cac6-7aef-4895-b1a3-4e0b5d78dd58,2026-07-02T18:00:00+00:00,DRY_VAN,6000.00,4750.00,1250.00,4750.00,4750.00,false,REGIONAL,1,1,SPARSE_EVIDENCE
ee938e9e-cf7f-4605-a910-cf6fdccb2d57,ca792af4-0a5a-4615-ba97-a8dd13883705,2026-07-02T18:00:00+00:00,REEFER,1250.00,1225.00,25.00,1225.00,1225.00,false,NEAR_EXACT,1,1,SPARSE_EVIDENCE
cf7101d0-9d14-48d7-9d24-8bab0d708561,cbdcc858-9053-468d-a0e5-9b027df737c2,2026-07-02T18:00:00+00:00,DRY_VAN,1250.00,1225.00,25.00,1225.00,1225.00,false,NEAR_EXACT,1,1,SPARSE_EVIDENCE
a7586881-129c-40eb-bfda-fa608063237f,cc0cea75-9f58-4daf-b98c-ab3af549a7e6,2026-07-02T18:00:00+00:00,REEFER,1250.00,1225.00,25.00,1225.00,1225.00,false,NEAR_EXACT,1,1,SPARSE_EVIDENCE
efd8c4ed-adfa-4350-aeb4-ff6794235621,d6be7ac3-641f-4f82-8ab4-4d8e93052a1c,2026-07-02T18:00:00+00:00,DRY_VAN,1250.00,1225.00,25.00,1225.00,1225.00,false,NEAR_EXACT,1,1,SPARSE_EVIDENCE
2c6368c8-d49e-4f04-9b25-dd909bb2421b,de6e63b4-5301-45d7-a078-7f755e99a185,2026-07-02T18:00:00+00:00,DRY_VAN,1250.00,1225.00,25.00,1225.00,1225.00,false,NEAR_EXACT,1,1,SPARSE_EVIDENCE
6f3e9718-5289-4ca8-ba4d-d8fec64b053f,eadd40b3-3a31-4065-8773-430bee537432,2026-07-02T18:00:00+00:00,DRY_VAN,1250.00,1225.00,25.00,1225.00,1225.00,false,NEAR_EXACT,1,1,SPARSE_EVIDENCE
960d49cd-53f6-4f2c-9004-ffb7ce3c7b80,eb1c5742-7f74-4c38-b96e-4724a28812f7,2026-07-02T18:00:00+00:00,DRY_VAN,6000.00,4750.00,1250.00,4750.00,4750.00,false,REGIONAL,1,1,SPARSE_EVIDENCE
5511aa9c-d754-4c54-bd76-0428712de352,eb48c964-b8d4-4f62-b76f-918258ffc733,2026-07-02T18:00:00+00:00,REEFER,1250.00,1225.00,25.00,1225.00,1225.00,false,NEAR_EXACT,1,1,SPARSE_EVIDENCE
47208254-d95c-4a01-89c2-c6feb4111ae6,f1e6f6af-d32c-4e6e-86dd-53b7af6586cd,2026-07-02T18:00:00+00:00,DRY_VAN,6000.00,4750.00,1250.00,4750.00,4750.00,false,REGIONAL,1,1,SPARSE_EVIDENCE
31274c59-2515-4179-891b-142b8eba6a71,f4da684b-9bd4-41f4-bafe-ba1f8fd6be0c,2026-07-02T18:00:00+00:00,DRY_VAN,1150.00,1150.00,0.00,1150.00,1150.00,true,REGIONAL,1,1,SPARSE_EVIDENCE
cd29af52-3bda-4111-ae6f-fa84031a1097,f819e4c6-2bd0-4118-bbe7-5e5d22a8bb81,2026-07-02T18:00:00+00:00,DRY_VAN,1250.00,1225.00,25.00,1225.00,1225.00,false,NEAR_EXACT,1,1,SPARSE_EVIDENCE
36088edf-4799-472a-bca8-84b56b079623,fccff50b-6fb9-43af-a27c-ae766b592bbb,2026-07-02T18:00:00+00:00,REEFER,1275.00,,,,,,,0,0,NO_HISTORICAL_EVIDENCE
f8d0a813-d014-4ae2-aa25-cb60b9945b8a,135498a5-a73d-44fb-be18-b23aa80eab54,2026-07-03T00:00:00+00:00,DRY_VAN,1275.00,,,,,,,0,0,NO_HISTORICAL_EVIDENCE
76a4356e-8ece-4f40-a202-32d6f21170e7,55528292-43e2-45f8-9462-9946c3cb23a5,2026-07-03T00:00:00+00:00,DRY_VAN,1275.00,,,,,,,0,0,NO_HISTORICAL_EVIDENCE
ed247bae-4717-4d73-9827-17a0e0caef08,603c86f2-f2b4-4367-9fad-4fc3d6d439bb,2026-07-03T00:00:00+00:00,DRY_VAN,1275.00,,,,,,,0,0,NO_HISTORICAL_EVIDENCE
36088edf-4799-472a-bca8-84b56b079623,8051b47d-486f-4509-b3d6-973d2402659f,2026-07-03T00:00:00+00:00,DRY_VAN,1275.00,,,,,,,0,0,NO_HISTORICAL_EVIDENCE
ae0cb1b3-71c7-4b6c-820d-1c0f4f490368,af237825-eee3-4925-a35b-83acc7e84e44,2026-07-03T00:00:00+00:00,DRY_VAN,1275.00,,,,,,,0,0,NO_HISTORICAL_EVIDENCE
8fd2a5db-c672-40f7-b61b-c778885552c2,c8bfcf24-dcd6-49a0-85c5-60aa5ea0e7b4,2026-07-03T00:00:00+00:00,DRY_VAN,1275.00,,,,,,,0,0,NO_HISTORICAL_EVIDENCE
e7c4eaa2-4b2c-4ae7-9994-7d24662cf043,d42971c4-ef78-4c17-8315-2595d9708092,2026-07-03T00:00:00+00:00,DRY_VAN,1275.00,,,,,,,0,0,NO_HISTORICAL_EVIDENCE
3f498bb2-ed18-4fac-b57d-afbc95ddb19d,d7788c80-a3a6-40f5-8df3-758c6777d90e,2026-07-03T00:00:00+00:00,DRY_VAN,1275.00,,,,,,,0,0,NO_HISTORICAL_EVIDENCE
1542969d-168a-4671-9411-41e61edcfa47,d97bac5a-48e9-47d8-8d58-0a62a0dbb5e2,2026-07-03T00:00:00+00:00,DRY_VAN,1275.00,,,,,,,0,0,NO_HISTORICAL_EVIDENCE
ae14c92a-f453-4f15-ae9d-14a76bb0fdbc,f74b26ff-8688-4845-b235-d87832e610b1,2026-07-03T00:00:00+00:00,DRY_VAN,1275.00,,,,,,,0,0,NO_HISTORICAL_EVIDENCE
ae0cb1b3-71c7-4b6c-820d-1c0f4f490368,03879c8c-b544-4e48-9df4-0552c5ef0c53,2026-07-03T06:00:00+00:00,DRY_VAN,1275.00,,,,,,,0,0,NO_HISTORICAL_EVIDENCE
36088edf-4799-472a-bca8-84b56b079623,215a4418-1021-4747-b44e-dd1bb13a3296,2026-07-03T06:00:00+00:00,DRY_VAN,1275.00,,,,,,,0,0,NO_HISTORICAL_EVIDENCE
3f498bb2-ed18-4fac-b57d-afbc95ddb19d,7512d189-9999-41e7-85de-7f3e1d0963ea,2026-07-03T06:00:00+00:00,DRY_VAN,1275.00,,,,,,,0,0,NO_HISTORICAL_EVIDENCE
ae14c92a-f453-4f15-ae9d-14a76bb0fdbc,82a8e8b5-cbda-49a4-b0e9-0508549d9dc7,2026-07-03T06:00:00+00:00,DRY_VAN,1275.00,,,,,,,0,0,NO_HISTORICAL_EVIDENCE
8fd2a5db-c672-40f7-b61b-c778885552c2,a1599bf1-2e6e-48e7-81fc-3743de764cf8,2026-07-03T06:00:00+00:00,DRY_VAN,1275.00,,,,,,,0,0,NO_HISTORICAL_EVIDENCE
f8d0a813-d014-4ae2-aa25-cb60b9945b8a,b524f029-21e3-471d-9eb2-a054fd786084,2026-07-03T06:00:00+00:00,DRY_VAN,1275.00,,,,,,,0,0,NO_HISTORICAL_EVIDENCE
ed247bae-4717-4d73-9827-17a0e0caef08,b7e1a96f-b548-4b13-8ebf-6d7518cfbcfd,2026-07-03T06:00:00+00:00,DRY_VAN,1275.00,,,,,,,0,0,NO_HISTORICAL_EVIDENCE
1542969d-168a-4671-9411-41e61edcfa47,df528c04-2f93-4d45-b680-b2241beae790,2026-07-03T06:00:00+00:00,DRY_VAN,1275.00,,,,,,,0,0,NO_HISTORICAL_EVIDENCE
76a4356e-8ece-4f40-a202-32d6f21170e7,e9d12663-c03b-4a3d-9f67-82bfd00a08b3,2026-07-03T06:00:00+00:00,DRY_VAN,1275.00,,,,,,,0,0,NO_HISTORICAL_EVIDENCE
e7c4eaa2-4b2c-4ae7-9994-7d24662cf043,f8870431-8c72-4f11-80cf-c619dc1a7709,2026-07-03T06:00:00+00:00,DRY_VAN,1275.00,,,,,,,0,0,NO_HISTORICAL_EVIDENCE
cf7101d0-9d14-48d7-9d24-8bab0d708561,110a94cc-f9ae-4cb5-aff9-1b65176ca450,2026-07-04T06:00:00+00:00,DRY_VAN,1250.00,1225.00,25.00,1225.00,1225.00,false,NEAR_EXACT,2,1.998751300760889057519685144,SPARSE_EVIDENCE
cd29af52-3bda-4111-ae6f-fa84031a1097,11f33d68-1f00-46e9-be02-27a317ae5938,2026-07-04T06:00:00+00:00,DRY_VAN,1250.00,1225.00,25.00,1225.00,1225.00,false,NEAR_EXACT,2,1.998751300760889057519685144,SPARSE_EVIDENCE
70bd3209-24f0-409c-8782-2586991b64fb,1d3e6125-28df-4e4a-9e81-2c437d40af6e,2026-07-04T06:00:00+00:00,DRY_VAN,1250.00,1225.00,25.00,1225.00,1225.00,false,NEAR_EXACT,2,1.998751300760889057519685144,SPARSE_EVIDENCE
e01ac9da-098d-42af-9a47-6e31ab02d928,1f054b83-c58f-4645-9d17-c6be78f03d68,2026-07-04T06:00:00+00:00,DRY_VAN,1150.00,1150.00,0.00,1150.00,1150.00,true,NEAR_EXACT,2,1.923415735321652621131559492,SPARSE_EVIDENCE
378d7f8e-327b-4f12-b2dd-241aec0e67b8,21eb34bd-c634-46bd-884f-e083996dec27,2026-07-04T06:00:00+00:00,DRY_VAN,6000.00,4750.00,1250.00,4750.00,4750.00,false,NEAR_EXACT,2,1.923415735321652621131559492,SPARSE_EVIDENCE
b908c5af-1260-43a5-afcf-056379365d90,2406e0fd-f903-4249-97de-753af6277cd4,2026-07-04T06:00:00+00:00,DRY_VAN,1250.00,1225.00,25.00,1225.00,1225.00,false,NEAR_EXACT,2,1.998751300760889057519685144,SPARSE_EVIDENCE
6c1e4ec4-5af0-47cc-9d63-044f6314607e,28243848-c231-414f-b58e-fa0866ae5e95,2026-07-04T06:00:00+00:00,REEFER,1250.00,1225.00,25.00,1225.00,1225.00,false,METRO_CORRIDOR,2,1.993310167995330353080443923,SPARSE_EVIDENCE
155174b2-2ed0-468d-abd5-c3f38705e24b,3035cef9-4bdf-45d6-b0ef-ed74fc35dbde,2026-07-04T06:00:00+00:00,REEFER,1250.00,1225.00,25.00,1225.00,1225.00,false,METRO_CORRIDOR,2,1.993310167995330353080443923,SPARSE_EVIDENCE
2fdf5ab6-6379-46e8-baa8-cf7ed24e37e6,357e0dfd-1dac-4e83-a18a-3b8b9a519ba0,2026-07-04T06:00:00+00:00,DRY_VAN,1250.00,1225.00,25.00,1225.00,1225.00,false,NEAR_EXACT,2,1.998751300760889057519685144,SPARSE_EVIDENCE
5c5da80e-348f-4a0d-b33b-58d1cca74d5f,391365ca-7160-48dc-9856-530c0eb6775f,2026-07-04T06:00:00+00:00,DRY_VAN,6000.00,4750.00,1250.00,4750.00,4750.00,false,NEAR_EXACT,2,1.923415735321652621131559492,SPARSE_EVIDENCE
ee938e9e-cf7f-4605-a910-cf6fdccb2d57,3be8653a-bb44-4d8a-9636-5e22c1c85acb,2026-07-04T06:00:00+00:00,REEFER,1250.00,1225.00,25.00,1225.00,1225.00,false,METRO_CORRIDOR,2,1.993310167995330353080443923,SPARSE_EVIDENCE
8ff64c2f-c867-4b24-b73c-3a0c871c55c8,59e35518-7771-494c-8ad4-3c13b93d2e61,2026-07-04T06:00:00+00:00,DRY_VAN,1250.00,1225.00,25.00,1225.00,1225.00,false,NEAR_EXACT,2,1.998751300760889057519685144,SPARSE_EVIDENCE
5511aa9c-d754-4c54-bd76-0428712de352,5a6ba8e1-0cec-47df-a0ad-2b9bbbc50a49,2026-07-04T06:00:00+00:00,REEFER,1250.00,1225.00,25.00,1225.00,1225.00,false,METRO_CORRIDOR,2,1.993310167995330353080443923,SPARSE_EVIDENCE
b826cc4c-9ba1-488d-ae75-bfb9b5826cb4,5aa244c6-fbf0-409d-91bc-f1bc60fed4c4,2026-07-04T06:00:00+00:00,DRY_VAN,1250.00,1225.00,25.00,1225.00,1225.00,false,NEAR_EXACT,2,1.998751300760889057519685144,SPARSE_EVIDENCE
419f01e6-c8f2-44fd-b11c-75e17f164648,5d1405d9-9b2d-45ac-bdbc-c42c808ce48c,2026-07-04T06:00:00+00:00,DRY_VAN,1250.00,1225.00,25.00,1225.00,1225.00,false,NEAR_EXACT,2,1.998751300760889057519685144,SPARSE_EVIDENCE
6d1422b6-08b4-45fd-afb8-a3af07706be7,628912e4-978a-4e27-90ba-1e916efd51f4,2026-07-04T06:00:00+00:00,REEFER,1250.00,1225.00,25.00,1225.00,1225.00,false,NEAR_EXACT,2,1.910582138815503692697287640,SPARSE_EVIDENCE
a13d3ba6-bb53-4a3a-bc92-aed94753c1ab,88f6c2ff-c2bf-4397-bcbf-9dc33994f183,2026-07-04T06:00:00+00:00,DRY_VAN,6000.00,4750.00,1250.00,4750.00,4750.00,false,NEAR_EXACT,2,1.923415735321652621131559492,SPARSE_EVIDENCE
59204de3-b671-422b-99e3-7566e7cf2d7b,8e76efe9-d75b-43fa-b645-8884bebf5629,2026-07-04T06:00:00+00:00,REEFER,1250.00,1225.00,25.00,1225.00,1225.00,false,METRO_CORRIDOR,2,1.993310167995330353080443923,SPARSE_EVIDENCE
79551c4f-2b42-478e-88c8-69fc6e1a9043,9790bd8d-ea89-4102-ae54-a0558ccd7108,2026-07-04T06:00:00+00:00,DRY_VAN,1150.00,1150.00,0.00,1150.00,1150.00,true,NEAR_EXACT,2,1.923415735321652621131559492,SPARSE_EVIDENCE
8f7d7c30-777b-474f-9336-a9767966e918,9a98b700-127b-4792-96e9-d980997b6eca,2026-07-04T06:00:00+00:00,REEFER,1250.00,1225.00,25.00,1225.00,1225.00,false,METRO_CORRIDOR,2,1.993310167995330353080443923,SPARSE_EVIDENCE
47208254-d95c-4a01-89c2-c6feb4111ae6,9ab1b3d3-f19d-46aa-a683-b1829152e11a,2026-07-04T06:00:00+00:00,DRY_VAN,6000.00,4750.00,1250.00,4750.00,4750.00,false,NEAR_EXACT,2,1.923415735321652621131559492,SPARSE_EVIDENCE
3e10e325-5a0e-45dc-9aab-43b4538eab01,a090fc3f-041f-4ff0-9a33-36021d185a6a,2026-07-04T06:00:00+00:00,DRY_VAN,6000.00,4750.00,1250.00,4750.00,4750.00,false,NEAR_EXACT,2,1.923415735321652621131559492,SPARSE_EVIDENCE
7b4a6edf-1e2a-48a1-9652-372f90d87b74,a8c257e9-8508-4981-9aab-c4163e0473a9,2026-07-04T06:00:00+00:00,REEFER,1250.00,1225.00,25.00,1225.00,1225.00,false,METRO_CORRIDOR,2,1.993310167995330353080443923,SPARSE_EVIDENCE
efd8c4ed-adfa-4350-aeb4-ff6794235621,ad65edd0-5f3b-4fa1-b273-6189e184f276,2026-07-04T06:00:00+00:00,DRY_VAN,1250.00,1225.00,25.00,1225.00,1225.00,false,NEAR_EXACT,2,1.998751300760889057519685144,SPARSE_EVIDENCE
2011cd67-59cb-41ea-82e0-3a705c910ea3,ad911533-1445-43bd-be89-4c81d6a35517,2026-07-04T06:00:00+00:00,DRY_VAN,1250.00,1225.00,25.00,1225.00,1225.00,false,NEAR_EXACT,2,1.998751300760889057519685144,SPARSE_EVIDENCE
52bb8652-5bcd-478a-97f0-740422e2f8f7,b1c90963-e186-4109-b732-2f89ce7b438a,2026-07-04T06:00:00+00:00,REEFER,1250.00,1225.00,25.00,1225.00,1225.00,false,METRO_CORRIDOR,2,1.993310167995330353080443923,SPARSE_EVIDENCE
bdb1d228-64e5-4e8c-974c-66af7c705286,b669291a-8cfe-47ce-b3a0-2889163aa0b8,2026-07-04T06:00:00+00:00,DRY_VAN,1150.00,1150.00,0.00,1150.00,1150.00,true,NEAR_EXACT,2,1.923415735321652621131559492,SPARSE_EVIDENCE
602f06ba-9e92-45ad-a947-1ef9f2123b9a,b7aa548c-ac0e-4e17-83a4-9590cfe7e9b8,2026-07-04T06:00:00+00:00,DRY_VAN,1150.00,1150.00,0.00,1150.00,1150.00,true,NEAR_EXACT,2,1.923415735321652621131559492,SPARSE_EVIDENCE
2bddccf5-a812-4944-9d3e-c04f4c68e9f6,c4c60102-d727-49a5-beb7-8e960c6bd40f,2026-07-04T06:00:00+00:00,REEFER,1250.00,1225.00,25.00,1225.00,1225.00,false,METRO_CORRIDOR,2,1.993310167995330353080443923,SPARSE_EVIDENCE
29522728-0f37-4eb8-8f7b-7089d34e417c,c69d076a-20e0-447f-868e-250b54e27ae3,2026-07-04T06:00:00+00:00,DRY_VAN,1150.00,1150.00,0.00,1150.00,1150.00,true,NEAR_EXACT,2,1.923415735321652621131559492,SPARSE_EVIDENCE
7ccd4aad-b1f6-4539-8514-4862ebab34c9,c6a822e7-bc30-412a-a290-b89cbbd4adce,2026-07-04T06:00:00+00:00,REEFER,1250.00,1225.00,25.00,1225.00,1225.00,false,METRO_CORRIDOR,2,1.993310167995330353080443923,SPARSE_EVIDENCE
31274c59-2515-4179-891b-142b8eba6a71,cb90b248-3f1c-4432-aced-437b00c9eb7d,2026-07-04T06:00:00+00:00,DRY_VAN,1150.00,1150.00,0.00,1150.00,1150.00,true,NEAR_EXACT,2,1.923415735321652621131559492,SPARSE_EVIDENCE
d10e95f7-e881-4f92-a383-e9420b2ff92f,ce347f92-e692-4720-b087-72dec204a01b,2026-07-04T06:00:00+00:00,REEFER,1250.00,1225.00,25.00,1225.00,1225.00,false,METRO_CORRIDOR,2,1.993310167995330353080443923,SPARSE_EVIDENCE
960d49cd-53f6-4f2c-9004-ffb7ce3c7b80,d0959d6c-1665-4c71-9c86-ff568f1ac2bf,2026-07-04T06:00:00+00:00,DRY_VAN,6000.00,4750.00,1250.00,4750.00,4750.00,false,NEAR_EXACT,2,1.923415735321652621131559492,SPARSE_EVIDENCE
7bdce099-716d-47a6-a983-2a145e175f89,d678ce35-c557-4394-bfc9-25ab2e4355ef,2026-07-04T06:00:00+00:00,DRY_VAN,1250.00,1225.00,25.00,1225.00,1225.00,false,NEAR_EXACT,2,1.998751300760889057519685144,SPARSE_EVIDENCE
2c6368c8-d49e-4f04-9b25-dd909bb2421b,da84c71e-6497-4771-8fb8-7566d529a236,2026-07-04T06:00:00+00:00,DRY_VAN,1250.00,1225.00,25.00,1225.00,1225.00,false,NEAR_EXACT,2,1.998751300760889057519685144,SPARSE_EVIDENCE
a7586881-129c-40eb-bfda-fa608063237f,f5f311a2-8661-400e-946b-3d4d89b6e4ab,2026-07-04T06:00:00+00:00,REEFER,1250.00,1225.00,25.00,1225.00,1225.00,false,METRO_CORRIDOR,2,1.993310167995330353080443923,SPARSE_EVIDENCE
6a7c4d60-2df3-4b9b-825b-19ddb2672ef1,f80f1977-fd04-47c9-9bc9-e8158b554ffd,2026-07-04T06:00:00+00:00,DRY_VAN,6000.00,4750.00,1250.00,4750.00,4750.00,false,NEAR_EXACT,2,1.923415735321652621131559492,SPARSE_EVIDENCE
6f3e9718-5289-4ca8-ba4d-d8fec64b053f,fe0badb4-be9c-4145-a852-1edfafb698bf,2026-07-04T06:00:00+00:00,DRY_VAN,1250.00,1225.00,25.00,1225.00,1225.00,false,NEAR_EXACT,2,1.998751300760889057519685144,SPARSE_EVIDENCE
960d49cd-53f6-4f2c-9004-ffb7ce3c7b80,03aa13c9-8136-4145-b739-58fda0ddc347,2026-07-05T18:00:00+00:00,FLATBED,6000.00,4750.00,1250.00,4750.00,4750.00,false,TENANT_ALL_EQUIPMENT,3,1.994510041566949924568468920,SPARSE_EVIDENCE
b826cc4c-9ba1-488d-ae75-bfb9b5826cb4,0dadcbb9-26cb-4b68-99b7-5891a93edc64,2026-07-05T18:00:00+00:00,REEFER,1250.00,1225.00,25.00,1225.00,1225.00,false,TENANT_ALL_EQUIPMENT,3,2.995011432264292061978152531,SPARSE_EVIDENCE
419f01e6-c8f2-44fd-b11c-75e17f164648,0f1d7578-8954-4687-8ddd-8a8ae5668790,2026-07-05T18:00:00+00:00,REEFER,1250.00,1225.00,25.00,1225.00,1225.00,false,TENANT_ALL_EQUIPMENT,3,2.995011432264292061978152531,SPARSE_EVIDENCE
70bd3209-24f0-409c-8782-2586991b64fb,0fbf827f-d659-48c0-ab5e-1eaa7930b226,2026-07-05T18:00:00+00:00,REEFER,1250.00,1225.00,25.00,1225.00,1225.00,false,TENANT_ALL_EQUIPMENT,3,2.995011432264292061978152531,SPARSE_EVIDENCE
cf7101d0-9d14-48d7-9d24-8bab0d708561,153734c7-11bd-4d27-9910-1f13e8d48f3a,2026-07-05T18:00:00+00:00,REEFER,1250.00,1225.00,25.00,1225.00,1225.00,false,TENANT_ALL_EQUIPMENT,3,2.995011432264292061978152531,SPARSE_EVIDENCE
2011cd67-59cb-41ea-82e0-3a705c910ea3,20aee556-ff82-43e4-9cb5-a39864b87591,2026-07-05T18:00:00+00:00,REEFER,1250.00,1225.00,25.00,1225.00,1225.00,false,TENANT_ALL_EQUIPMENT,3,2.995011432264292061978152531,SPARSE_EVIDENCE
79551c4f-2b42-478e-88c8-69fc6e1a9043,2154276f-ca82-400a-acc2-a5f33417304d,2026-07-05T18:00:00+00:00,FLATBED,1150.00,1150.00,0.00,1150.00,1150.00,true,TENANT_ALL_EQUIPMENT,3,1.994510041566949924568468920,SPARSE_EVIDENCE
efd8c4ed-adfa-4350-aeb4-ff6794235621,2b65b765-36a0-48fd-a6e1-4e38893080c4,2026-07-05T18:00:00+00:00,REEFER,1250.00,1225.00,25.00,1225.00,1225.00,false,TENANT_ALL_EQUIPMENT,3,2.995011432264292061978152531,SPARSE_EVIDENCE
155174b2-2ed0-468d-abd5-c3f38705e24b,3a140620-3d49-4e28-be0c-1c9dc0a61844,2026-07-05T18:00:00+00:00,REEFER,1250.00,1225.000000000000000000000000,25.000000000000000000000000,1225.000000000000000000000000,1225.000000000000000000000000,false,NEAR_EXACT,2,1.496377491197447969907395056,SPARSE_EVIDENCE;BROADER_FALLBACK
47208254-d95c-4a01-89c2-c6feb4111ae6,3d988e53-9041-4c62-95b9-1ca7f8619b6c,2026-07-05T18:00:00+00:00,FLATBED,6000.00,4750.00,1250.00,4750.00,4750.00,false,TENANT_ALL_EQUIPMENT,3,1.994510041566949924568468920,SPARSE_EVIDENCE
b908c5af-1260-43a5-afcf-056379365d90,47079a10-a9fb-443e-8b26-cd2619dffa6d,2026-07-05T18:00:00+00:00,REEFER,1250.00,1225.00,25.00,1225.00,1225.00,false,TENANT_ALL_EQUIPMENT,3,2.995011432264292061978152531,SPARSE_EVIDENCE
7b4a6edf-1e2a-48a1-9652-372f90d87b74,5ce697f1-60e1-460f-b56f-6de766597b1d,2026-07-05T18:00:00+00:00,REEFER,1250.00,1225.000000000000000000000000,25.000000000000000000000000,1225.000000000000000000000000,1225.000000000000000000000000,false,NEAR_EXACT,2,1.496377491197447969907395056,SPARSE_EVIDENCE;BROADER_FALLBACK
5c5da80e-348f-4a0d-b33b-58d1cca74d5f,6186eaa5-63d2-493e-a501-c312e2c4e9a8,2026-07-05T18:00:00+00:00,FLATBED,6000.00,4750.00,1250.00,4750.00,4750.00,false,TENANT_ALL_EQUIPMENT,3,1.994510041566949924568468920,SPARSE_EVIDENCE
7bdce099-716d-47a6-a983-2a145e175f89,618a38db-28f1-4fd0-8dd7-4c0eccfac284,2026-07-05T18:00:00+00:00,REEFER,1250.00,1225.00,25.00,1225.00,1225.00,false,TENANT_ALL_EQUIPMENT,3,2.995011432264292061978152531,SPARSE_EVIDENCE
6a7c4d60-2df3-4b9b-825b-19ddb2672ef1,71be81ca-b66e-4268-805d-ecca4ef1fbc5,2026-07-05T18:00:00+00:00,FLATBED,6000.00,4750.00,1250.00,4750.00,4750.00,false,TENANT_ALL_EQUIPMENT,3,1.994510041566949924568468920,SPARSE_EVIDENCE
3e10e325-5a0e-45dc-9aab-43b4538eab01,77939a82-2e88-40e8-b454-7441c3e1dc99,2026-07-05T18:00:00+00:00,FLATBED,6000.00,4750.00,1250.00,4750.00,4750.00,false,TENANT_ALL_EQUIPMENT,3,1.994510041566949924568468920,SPARSE_EVIDENCE
6c1e4ec4-5af0-47cc-9d63-044f6314607e,79e3eee2-250a-4402-b2e3-18acccf17569,2026-07-05T18:00:00+00:00,REEFER,1250.00,1225.000000000000000000000000,25.000000000000000000000000,1225.000000000000000000000000,1225.000000000000000000000000,false,NEAR_EXACT,2,1.496377491197447969907395056,SPARSE_EVIDENCE;BROADER_FALLBACK
52bb8652-5bcd-478a-97f0-740422e2f8f7,7c0b61d2-67ca-4705-9727-83ee62731a7f,2026-07-05T18:00:00+00:00,REEFER,1250.00,1225.000000000000000000000000,25.000000000000000000000000,1225.000000000000000000000000,1225.000000000000000000000000,false,NEAR_EXACT,2,1.496377491197447969907395056,SPARSE_EVIDENCE;BROADER_FALLBACK
ee938e9e-cf7f-4605-a910-cf6fdccb2d57,7cfffb99-7b37-49ad-9fb7-4379adcdde0d,2026-07-05T18:00:00+00:00,REEFER,1250.00,1225.000000000000000000000000,25.000000000000000000000000,1225.000000000000000000000000,1225.000000000000000000000000,false,NEAR_EXACT,2,1.496377491197447969907395056,SPARSE_EVIDENCE;BROADER_FALLBACK
59204de3-b671-422b-99e3-7566e7cf2d7b,83011975-c4ac-4f7b-bc79-bcb4bac493ab,2026-07-05T18:00:00+00:00,REEFER,1250.00,1225.000000000000000000000000,25.000000000000000000000000,1225.000000000000000000000000,1225.000000000000000000000000,false,NEAR_EXACT,2,1.496377491197447969907395056,SPARSE_EVIDENCE;BROADER_FALLBACK
2fdf5ab6-6379-46e8-baa8-cf7ed24e37e6,8e5b52de-9f33-4a59-865c-ed5286fc070d,2026-07-05T18:00:00+00:00,REEFER,1250.00,1225.00,25.00,1225.00,1225.00,false,TENANT_ALL_EQUIPMENT,3,2.995011432264292061978152531,SPARSE_EVIDENCE
29522728-0f37-4eb8-8f7b-7089d34e417c,928817e5-f97e-4c47-9a29-ea547cf3e4b4,2026-07-05T18:00:00+00:00,FLATBED,1150.00,1150.00,0.00,1150.00,1150.00,true,TENANT_ALL_EQUIPMENT,3,1.994510041566949924568468920,SPARSE_EVIDENCE
8f7d7c30-777b-474f-9336-a9767966e918,99506f84-12c3-4794-bc53-f6096267836d,2026-07-05T18:00:00+00:00,REEFER,1250.00,1225.000000000000000000000000,25.000000000000000000000000,1225.000000000000000000000000,1225.000000000000000000000000,false,NEAR_EXACT,2,1.496377491197447969907395056,SPARSE_EVIDENCE;BROADER_FALLBACK
cd29af52-3bda-4111-ae6f-fa84031a1097,9aeb6c4b-da84-4e08-b6b9-383b1faecabc,2026-07-05T18:00:00+00:00,REEFER,1250.00,1225.00,25.00,1225.00,1225.00,false,TENANT_ALL_EQUIPMENT,3,2.995011432264292061978152531,SPARSE_EVIDENCE
a13d3ba6-bb53-4a3a-bc92-aed94753c1ab,9c41e292-7446-41c8-8aec-6aba7a45f32c,2026-07-05T18:00:00+00:00,FLATBED,6000.00,4750.00,1250.00,4750.00,4750.00,false,TENANT_ALL_EQUIPMENT,3,1.994510041566949924568468920,SPARSE_EVIDENCE
378d7f8e-327b-4f12-b2dd-241aec0e67b8,aef30072-0ff4-495f-9eb5-aa63a88bd8f3,2026-07-05T18:00:00+00:00,FLATBED,6000.00,4750.00,1250.00,4750.00,4750.00,false,TENANT_ALL_EQUIPMENT,3,1.994510041566949924568468920,SPARSE_EVIDENCE
2bddccf5-a812-4944-9d3e-c04f4c68e9f6,b3133e3c-a1ca-4292-a0f1-fc98fc98b927,2026-07-05T18:00:00+00:00,REEFER,1250.00,1225.000000000000000000000000,25.000000000000000000000000,1225.000000000000000000000000,1225.000000000000000000000000,false,NEAR_EXACT,2,1.496377491197447969907395056,SPARSE_EVIDENCE;BROADER_FALLBACK
31274c59-2515-4179-891b-142b8eba6a71,b8fdd948-58d8-4c6d-ba1a-881f34aa64b3,2026-07-05T18:00:00+00:00,FLATBED,1150.00,1150.00,0.00,1150.00,1150.00,true,TENANT_ALL_EQUIPMENT,3,1.994510041566949924568468920,SPARSE_EVIDENCE
602f06ba-9e92-45ad-a947-1ef9f2123b9a,c01d2578-7a9d-4a06-937e-4f5b6f4bec31,2026-07-05T18:00:00+00:00,FLATBED,1150.00,1150.00,0.00,1150.00,1150.00,true,TENANT_ALL_EQUIPMENT,3,1.994510041566949924568468920,SPARSE_EVIDENCE
8ff64c2f-c867-4b24-b73c-3a0c871c55c8,d0bd70e3-4a0a-407a-bb25-e0025b6d7bd3,2026-07-05T18:00:00+00:00,REEFER,1250.00,1225.00,25.00,1225.00,1225.00,false,TENANT_ALL_EQUIPMENT,3,2.995011432264292061978152531,SPARSE_EVIDENCE
6f3e9718-5289-4ca8-ba4d-d8fec64b053f,d5b92f3b-05dd-4400-bbae-ebe857d53f69,2026-07-05T18:00:00+00:00,REEFER,1250.00,1225.00,25.00,1225.00,1225.00,false,TENANT_ALL_EQUIPMENT,3,2.995011432264292061978152531,SPARSE_EVIDENCE
2c6368c8-d49e-4f04-9b25-dd909bb2421b,daad865b-9802-4d71-adf3-f68f7dc8d2fd,2026-07-05T18:00:00+00:00,REEFER,1250.00,1225.00,25.00,1225.00,1225.00,false,TENANT_ALL_EQUIPMENT,3,2.995011432264292061978152531,SPARSE_EVIDENCE
bdb1d228-64e5-4e8c-974c-66af7c705286,dc1045ba-e593-4c01-8245-c68f0e50a6ce,2026-07-05T18:00:00+00:00,FLATBED,1150.00,1150.00,0.00,1150.00,1150.00,true,TENANT_ALL_EQUIPMENT,3,1.994510041566949924568468920,SPARSE_EVIDENCE
e01ac9da-098d-42af-9a47-6e31ab02d928,e6197690-aef7-40ac-aa9f-bbe0ea05e647,2026-07-05T18:00:00+00:00,FLATBED,1150.00,1150.00,0.00,1150.00,1150.00,true,TENANT_ALL_EQUIPMENT,3,1.994510041566949924568468920,SPARSE_EVIDENCE
6d1422b6-08b4-45fd-afb8-a3af07706be7,e73d0b8e-2506-48cf-ae8c-ff7016fc6e41,2026-07-05T18:00:00+00:00,REEFER,1250.00,1225.00,25.00,1225.00,1225.00,false,NEAR_EXACT,3,2.047528116687404693406234551,SPARSE_EVIDENCE
a7586881-129c-40eb-bfda-fa608063237f,e778710a-4e65-4655-adaa-0ffff401ea6b,2026-07-05T18:00:00+00:00,REEFER,1250.00,1225.000000000000000000000000,25.000000000000000000000000,1225.000000000000000000000000,1225.000000000000000000000000,false,NEAR_EXACT,2,1.496377491197447969907395056,SPARSE_EVIDENCE;BROADER_FALLBACK
5511aa9c-d754-4c54-bd76-0428712de352,e8c864d7-9b1f-4094-9f92-76442fce390b,2026-07-05T18:00:00+00:00,REEFER,1250.00,1225.000000000000000000000000,25.000000000000000000000000,1225.000000000000000000000000,1225.000000000000000000000000,false,NEAR_EXACT,2,1.496377491197447969907395056,SPARSE_EVIDENCE;BROADER_FALLBACK
7ccd4aad-b1f6-4539-8514-4862ebab34c9,f1cd01a3-270c-40cd-a50d-4c583fff2f03,2026-07-05T18:00:00+00:00,REEFER,1250.00,1225.000000000000000000000000,25.000000000000000000000000,1225.000000000000000000000000,1225.000000000000000000000000,false,NEAR_EXACT,2,1.496377491197447969907395056,SPARSE_EVIDENCE;BROADER_FALLBACK
d10e95f7-e881-4f92-a383-e9420b2ff92f,f7a4c012-0626-4851-995d-f18f7416e595,2026-07-05T18:00:00+00:00,REEFER,1250.00,1225.000000000000000000000000,25.000000000000000000000000,1225.000000000000000000000000,1225.000000000000000000000000,false,NEAR_EXACT,2,1.496377491197447969907395056,SPARSE_EVIDENCE;BROADER_FALLBACK
8ff64c2f-c867-4b24-b73c-3a0c871c55c8,048818bb-f2fa-43c5-b3d5-0260df2e5c84,2026-07-07T06:00:00+00:00,DRY_VAN,1225.00,1225.00,0.00,1225.00,1225.00,true,DISTANCE_EQUIPMENT,3,2.995011432264292061978152530,SPARSE_EVIDENCE
e01ac9da-098d-42af-9a47-6e31ab02d928,09b5f026-d51d-4f09-9459-33b0258a6b17,2026-07-07T06:00:00+00:00,REEFER,1150.00,1150.00,0.00,1150.00,1150.00,true,TENANT_ALL_EQUIPMENT,4,2.623481849633892936505853318,SPARSE_EVIDENCE
7bdce099-716d-47a6-a983-2a145e175f89,21cb5f22-eec0-4779-b50a-681b353178c5,2026-07-07T06:00:00+00:00,DRY_VAN,1225.00,1225.00,0.00,1225.00,1225.00,true,DISTANCE_EQUIPMENT,3,2.995011432264292061978152530,SPARSE_EVIDENCE
419f01e6-c8f2-44fd-b11c-75e17f164648,2d8966ce-f032-4ce1-b2c8-199583a4cd63,2026-07-07T06:00:00+00:00,DRY_VAN,1225.00,1225.00,0.00,1225.00,1225.00,true,DISTANCE_EQUIPMENT,3,2.995011432264292061978152530,SPARSE_EVIDENCE
cf7101d0-9d14-48d7-9d24-8bab0d708561,313da09b-34da-45ba-9655-cc1e951ba7d2,2026-07-07T06:00:00+00:00,DRY_VAN,1225.00,1225.00,0.00,1225.00,1225.00,true,DISTANCE_EQUIPMENT,3,2.995011432264292061978152530,SPARSE_EVIDENCE
79551c4f-2b42-478e-88c8-69fc6e1a9043,394d00c0-8b5e-4015-ac9b-56599934bd94,2026-07-07T06:00:00+00:00,REEFER,1150.00,1150.00,0.00,1150.00,1150.00,true,TENANT_ALL_EQUIPMENT,4,2.623481849633892936505853318,SPARSE_EVIDENCE
52bb8652-5bcd-478a-97f0-740422e2f8f7,3bc8e7eb-72d1-4331-92f3-bcb40f80016d,2026-07-07T06:00:00+00:00,DRY_VAN,1225.00,1225.00,0.00,1225.00,1225.00,true,TENANT_ALL_EQUIPMENT,4,3.043142600067965276081033354,SPARSE_EVIDENCE
6a7c4d60-2df3-4b9b-825b-19ddb2672ef1,40b0d4fa-69ff-4ee0-9b8b-0d4f555132d5,2026-07-07T06:00:00+00:00,REEFER,4750.00,4750.00,0.00,4750.00,4750.00,true,TENANT_ALL_EQUIPMENT,4,2.623481849633892936505853318,SPARSE_EVIDENCE
2fdf5ab6-6379-46e8-baa8-cf7ed24e37e6,462370d8-d43b-42e0-98be-67069a5bceec,2026-07-07T06:00:00+00:00,DRY_VAN,1225.00,1225.00,0.00,1225.00,1225.00,true,DISTANCE_EQUIPMENT,3,2.995011432264292061978152530,SPARSE_EVIDENCE
8f7d7c30-777b-474f-9336-a9767966e918,46f3474f-8280-40d5-b168-d5018c0e1a9f,2026-07-07T06:00:00+00:00,DRY_VAN,1225.00,1225.00,0.00,1225.00,1225.00,true,TENANT_ALL_EQUIPMENT,4,3.043142600067965276081033354,SPARSE_EVIDENCE
7ccd4aad-b1f6-4539-8514-4862ebab34c9,485fa813-04d1-495f-9e0e-a08a17afca21,2026-07-07T06:00:00+00:00,DRY_VAN,1225.00,1225.00,0.00,1225.00,1225.00,true,TENANT_ALL_EQUIPMENT,4,3.043142600067965276081033354,SPARSE_EVIDENCE
3e10e325-5a0e-45dc-9aab-43b4538eab01,495cc9ac-784c-49f2-8a46-dd65cdf102df,2026-07-07T06:00:00+00:00,REEFER,4750.00,4750.00,0.00,4750.00,4750.00,true,TENANT_ALL_EQUIPMENT,4,2.623481849633892936505853318,SPARSE_EVIDENCE
6f3e9718-5289-4ca8-ba4d-d8fec64b053f,4a1cf841-f5a3-4c96-96b9-b8a6ff385baa,2026-07-07T06:00:00+00:00,DRY_VAN,1225.00,1225.00,0.00,1225.00,1225.00,true,DISTANCE_EQUIPMENT,3,2.995011432264292061978152530,SPARSE_EVIDENCE
b908c5af-1260-43a5-afcf-056379365d90,4cfc2b71-b858-4c04-80d8-33e78717cdd0,2026-07-07T06:00:00+00:00,DRY_VAN,1225.00,1225.00,0.00,1225.00,1225.00,true,DISTANCE_EQUIPMENT,3,2.995011432264292061978152530,SPARSE_EVIDENCE
b826cc4c-9ba1-488d-ae75-bfb9b5826cb4,514b321b-6fb5-4074-8c97-aefc79a61e2d,2026-07-07T06:00:00+00:00,DRY_VAN,1225.00,1225.00,0.00,1225.00,1225.00,true,DISTANCE_EQUIPMENT,3,2.995011432264292061978152530,SPARSE_EVIDENCE
6c1e4ec4-5af0-47cc-9d63-044f6314607e,52f9003d-cd78-41fe-8165-b8e433f4a6f2,2026-07-07T06:00:00+00:00,DRY_VAN,1225.00,1225.00,0.00,1225.00,1225.00,true,TENANT_ALL_EQUIPMENT,4,3.043142600067965276081033354,SPARSE_EVIDENCE
2bddccf5-a812-4944-9d3e-c04f4c68e9f6,55dc21b9-c8e5-499c-8224-7b351f60df66,2026-07-07T06:00:00+00:00,DRY_VAN,1225.00,1225.00,0.00,1225.00,1225.00,true,TENANT_ALL_EQUIPMENT,4,3.043142600067965276081033350,SPARSE_EVIDENCE
7b4a6edf-1e2a-48a1-9652-372f90d87b74,5cbccdc5-9cc6-493b-a875-777c5dd6d9c6,2026-07-07T06:00:00+00:00,DRY_VAN,1225.00,1225.00,0.00,1225.00,1225.00,true,TENANT_ALL_EQUIPMENT,4,3.043142600067965276081033350,SPARSE_EVIDENCE
29522728-0f37-4eb8-8f7b-7089d34e417c,604ed349-ed6d-4351-9eb1-e7d1f82427ea,2026-07-07T06:00:00+00:00,REEFER,1150.00,1150.00,0.00,1150.00,1150.00,true,TENANT_ALL_EQUIPMENT,4,2.623481849633892936505853318,SPARSE_EVIDENCE
59204de3-b671-422b-99e3-7566e7cf2d7b,67915c62-7ea8-491f-8d03-76f3775330c7,2026-07-07T06:00:00+00:00,DRY_VAN,1225.00,1225.00,0.00,1225.00,1225.00,true,TENANT_ALL_EQUIPMENT,4,3.043142600067965276081033354,SPARSE_EVIDENCE
efd8c4ed-adfa-4350-aeb4-ff6794235621,6bcb9f12-19b2-471c-b018-77873e09ba12,2026-07-07T06:00:00+00:00,DRY_VAN,1225.00,1225.00,0.00,1225.00,1225.00,true,DISTANCE_EQUIPMENT,3,2.995011432264292061978152530,SPARSE_EVIDENCE
70bd3209-24f0-409c-8782-2586991b64fb,797a8d74-b4c2-42aa-acb3-33da9ee3791a,2026-07-07T06:00:00+00:00,DRY_VAN,1225.00,1225.00,0.00,1225.00,1225.00,true,DISTANCE_EQUIPMENT,3,2.995011432264292061978152530,SPARSE_EVIDENCE
ee938e9e-cf7f-4605-a910-cf6fdccb2d57,84926772-c4fd-4b5e-8cce-971b70c7cc9f,2026-07-07T06:00:00+00:00,DRY_VAN,1225.00,1225.00,0.00,1225.00,1225.00,true,TENANT_ALL_EQUIPMENT,4,3.043142600067965276081033354,SPARSE_EVIDENCE
960d49cd-53f6-4f2c-9004-ffb7ce3c7b80,88ccc760-b5f7-449f-b789-2b02ee8c31f9,2026-07-07T06:00:00+00:00,REEFER,4750.00,4750.00,0.00,4750.00,4750.00,true,TENANT_ALL_EQUIPMENT,4,2.623481849633892936505853318,SPARSE_EVIDENCE
cd29af52-3bda-4111-ae6f-fa84031a1097,8c3fdda4-ba5c-46b0-ac70-1cc85facef54,2026-07-07T06:00:00+00:00,DRY_VAN,1225.00,1225.00,0.00,1225.00,1225.00,true,DISTANCE_EQUIPMENT,3,2.995011432264292061978152530,SPARSE_EVIDENCE
5511aa9c-d754-4c54-bd76-0428712de352,95b880ae-4936-4afd-8a01-199698c83ee4,2026-07-07T06:00:00+00:00,DRY_VAN,1225.00,1225.00,0.00,1225.00,1225.00,true,TENANT_ALL_EQUIPMENT,4,3.043142600067965276081033354,SPARSE_EVIDENCE
2c6368c8-d49e-4f04-9b25-dd909bb2421b,ad695482-6068-41e2-b7df-345f8ac6a05a,2026-07-07T06:00:00+00:00,DRY_VAN,1225.00,1225.00,0.00,1225.00,1225.00,true,DISTANCE_EQUIPMENT,3,2.995011432264292061978152530,SPARSE_EVIDENCE
d10e95f7-e881-4f92-a383-e9420b2ff92f,b437cd7e-ad89-406c-adf0-988415945346,2026-07-07T06:00:00+00:00,DRY_VAN,1225.00,1225.00,0.00,1225.00,1225.00,true,TENANT_ALL_EQUIPMENT,4,3.043142600067965276081033350,SPARSE_EVIDENCE
a13d3ba6-bb53-4a3a-bc92-aed94753c1ab,b9ec173c-9687-4ce7-8f45-3d91a56e35b6,2026-07-07T06:00:00+00:00,REEFER,4750.00,4750.00,0.00,4750.00,4750.00,true,TENANT_ALL_EQUIPMENT,4,2.623481849633892936505853318,SPARSE_EVIDENCE
378d7f8e-327b-4f12-b2dd-241aec0e67b8,bc544b82-9e7f-4c20-b0ab-fe7e75884289,2026-07-07T06:00:00+00:00,REEFER,4750.00,4750.00,0.00,4750.00,4750.00,true,TENANT_ALL_EQUIPMENT,4,2.623481849633892936505853318,SPARSE_EVIDENCE
bdb1d228-64e5-4e8c-974c-66af7c705286,c2360c16-cafc-4784-a338-fd91982ce382,2026-07-07T06:00:00+00:00,REEFER,1150.00,1150.00,0.00,1150.00,1150.00,true,TENANT_ALL_EQUIPMENT,4,2.623481849633892936505853318,SPARSE_EVIDENCE
602f06ba-9e92-45ad-a947-1ef9f2123b9a,c3d0c1b2-c5c4-4884-9786-9b70dc135878,2026-07-07T06:00:00+00:00,REEFER,1150.00,1150.00,0.00,1150.00,1150.00,true,TENANT_ALL_EQUIPMENT,4,2.623481849633892936505853318,SPARSE_EVIDENCE
a7586881-129c-40eb-bfda-fa608063237f,c7554ff5-7da9-49f0-b2c6-e5469afbdedd,2026-07-07T06:00:00+00:00,DRY_VAN,1225.00,1225.00,0.00,1225.00,1225.00,true,TENANT_ALL_EQUIPMENT,4,3.043142600067965276081033354,SPARSE_EVIDENCE
6d1422b6-08b4-45fd-afb8-a3af07706be7,d5af753d-46b0-4357-9a3e-b9cf867a407d,2026-07-07T06:00:00+00:00,DRY_VAN,1225.00,1225.00,0.00,1225.00,1225.00,true,TENANT_ALL_EQUIPMENT,4,3.439356773701618981227515097,SPARSE_EVIDENCE
2011cd67-59cb-41ea-82e0-3a705c910ea3,d7384d31-09c6-4e00-9f96-3be7d8572ad4,2026-07-07T06:00:00+00:00,DRY_VAN,1225.00,1225.00,0.00,1225.00,1225.00,true,DISTANCE_EQUIPMENT,3,2.995011432264292061978152530,SPARSE_EVIDENCE
47208254-d95c-4a01-89c2-c6feb4111ae6,e13cd5cf-a36c-47e9-9dd2-9aacea3545e0,2026-07-07T06:00:00+00:00,REEFER,4750.00,4750.00,0.00,4750.00,4750.00,true,TENANT_ALL_EQUIPMENT,4,2.623481849633892936505853318,SPARSE_EVIDENCE
31274c59-2515-4179-891b-142b8eba6a71,e7c81243-c2fe-4ea3-8530-b1db9c41009f,2026-07-07T06:00:00+00:00,REEFER,1150.00,1150.00,0.00,1150.00,1150.00,true,TENANT_ALL_EQUIPMENT,4,2.623481849633892936505853318,SPARSE_EVIDENCE
5c5da80e-348f-4a0d-b33b-58d1cca74d5f,e81ec6f3-9dec-4573-a87c-bd6b9da65858,2026-07-07T06:00:00+00:00,REEFER,4750.00,4750.00,0.00,4750.00,4750.00,true,TENANT_ALL_EQUIPMENT,4,2.623481849633892936505853318,SPARSE_EVIDENCE
155174b2-2ed0-468d-abd5-c3f38705e24b,f6c56a90-553c-4dca-828b-d376117c578f,2026-07-07T06:00:00+00:00,DRY_VAN,1225.00,1225.00,0.00,1225.00,1225.00,true,TENANT_ALL_EQUIPMENT,4,3.043142600067965276081033354,SPARSE_EVIDENCE
79551c4f-2b42-478e-88c8-69fc6e1a9043,034ae174-361a-41f3-ba5c-3440d89d40c1,2026-07-08T18:00:00+00:00,DRY_VAN,1150.00,1150.000000000000000000000000,0E-24,1150.000000000000000000000000,1150.000000000000000000000000,true,NEAR_EXACT,2,1.376525455529072019139706600,SPARSE_EVIDENCE;BROADER_FALLBACK
960d49cd-53f6-4f2c-9004-ffb7ce3c7b80,057f4973-99ca-49aa-9ab8-bc5e61c5c832,2026-07-08T18:00:00+00:00,DRY_VAN,4750.00,4750.000000000000000000000000,0E-24,4750.000000000000000000000000,4750.000000000000000000000000,true,NEAR_EXACT,2,1.376525455529072019139706600,SPARSE_EVIDENCE;BROADER_FALLBACK
47208254-d95c-4a01-89c2-c6feb4111ae6,05bf8348-f6e7-4d00-9436-67e05d547bb4,2026-07-08T18:00:00+00:00,DRY_VAN,4750.00,4750.000000000000000000000000,0E-24,4750.000000000000000000000000,4750.000000000000000000000000,true,NEAR_EXACT,2,1.376525455529072019139706600,SPARSE_EVIDENCE;BROADER_FALLBACK
b908c5af-1260-43a5-afcf-056379365d90,0a850058-927f-44f0-9a4c-842f8beccd39,2026-07-08T18:00:00+00:00,DRY_VAN,1225.00,1225.000000000000000000000000,0E-24,1225.000000000000000000000000,1225.000000000000000000000000,true,NEAR_EXACT,1,1,SPARSE_EVIDENCE;BROADER_FALLBACK
8ff64c2f-c867-4b24-b73c-3a0c871c55c8,1142f643-e8b1-4c2f-a644-67d9552f1e3c,2026-07-08T18:00:00+00:00,DRY_VAN,1225.00,1225.000000000000000000000000,0E-24,1225.000000000000000000000000,1225.000000000000000000000000,true,NEAR_EXACT,1,1,SPARSE_EVIDENCE;BROADER_FALLBACK
2c6368c8-d49e-4f04-9b25-dd909bb2421b,155cf174-d103-4a25-8533-076598511fe4,2026-07-08T18:00:00+00:00,DRY_VAN,1225.00,1225.000000000000000000000000,0E-24,1225.000000000000000000000000,1225.000000000000000000000000,true,NEAR_EXACT,1,1,SPARSE_EVIDENCE;BROADER_FALLBACK
a13d3ba6-bb53-4a3a-bc92-aed94753c1ab,29f0cc1b-9a6d-457b-815e-13bc671bae80,2026-07-08T18:00:00+00:00,DRY_VAN,4750.00,4750.000000000000000000000000,0E-24,4750.000000000000000000000000,4750.000000000000000000000000,true,NEAR_EXACT,2,1.376525455529072019139706600,SPARSE_EVIDENCE;BROADER_FALLBACK
52bb8652-5bcd-478a-97f0-740422e2f8f7,2fa7a385-a5a3-4a7d-b9c4-45e57746b66a,2026-07-08T18:00:00+00:00,REEFER,1225.00,1225.000000000000000000000000,0E-24,1225.000000000000000000000000,1225.000000000000000000000000,true,NEAR_EXACT,3,2.452473980129677124263987900,SPARSE_EVIDENCE;BROADER_FALLBACK
5511aa9c-d754-4c54-bd76-0428712de352,33ab5ffd-2f13-4dcc-81c5-1888ae03d914,2026-07-08T18:00:00+00:00,REEFER,1225.00,1225.000000000000000000000000,0E-24,1225.000000000000000000000000,1225.000000000000000000000000,true,NEAR_EXACT,3,2.452473980129677124263987900,SPARSE_EVIDENCE;BROADER_FALLBACK
d10e95f7-e881-4f92-a383-e9420b2ff92f,33ceab32-6adf-4475-81ee-f068ad9e0d73,2026-07-08T18:00:00+00:00,REEFER,1225.00,1225.000000000000000000000000,0E-24,1225.000000000000000000000000,1225.000000000000000000000000,true,NEAR_EXACT,3,2.452473980129677124263987900,SPARSE_EVIDENCE;BROADER_FALLBACK
59204de3-b671-422b-99e3-7566e7cf2d7b,359665ea-899a-49f5-be23-59067bf305ad,2026-07-08T18:00:00+00:00,REEFER,1225.00,1225.000000000000000000000000,0E-24,1225.000000000000000000000000,1225.000000000000000000000000,true,NEAR_EXACT,3,2.452473980129677124263987900,SPARSE_EVIDENCE;BROADER_FALLBACK
70bd3209-24f0-409c-8782-2586991b64fb,3c8d29f0-bff8-4324-93ae-311092456343,2026-07-08T18:00:00+00:00,DRY_VAN,1225.00,1225.000000000000000000000000,0E-24,1225.000000000000000000000000,1225.000000000000000000000000,true,NEAR_EXACT,1,1,SPARSE_EVIDENCE;BROADER_FALLBACK
31274c59-2515-4179-891b-142b8eba6a71,45ca1a07-57b2-4441-8f77-fc9585cd420b,2026-07-08T18:00:00+00:00,DRY_VAN,1150.00,1150.000000000000000000000000,0E-24,1150.000000000000000000000000,1150.000000000000000000000000,true,NEAR_EXACT,2,1.376525455529072019139706600,SPARSE_EVIDENCE;BROADER_FALLBACK
cf7101d0-9d14-48d7-9d24-8bab0d708561,46c7d9c8-e3d2-4dd7-95e0-201b74b02a64,2026-07-08T18:00:00+00:00,DRY_VAN,1225.00,1225.000000000000000000000000,0E-24,1225.000000000000000000000000,1225.000000000000000000000000,true,NEAR_EXACT,1,1,SPARSE_EVIDENCE;BROADER_FALLBACK
5c5da80e-348f-4a0d-b33b-58d1cca74d5f,4d97a1d7-3e30-42ed-b8d9-8072f262c108,2026-07-08T18:00:00+00:00,DRY_VAN,4750.00,4750.000000000000000000000000,0E-24,4750.000000000000000000000000,4750.000000000000000000000000,true,NEAR_EXACT,2,1.376525455529072019139706600,SPARSE_EVIDENCE;BROADER_FALLBACK
efd8c4ed-adfa-4350-aeb4-ff6794235621,50a36c95-8f63-4918-a106-a442f6c06beb,2026-07-08T18:00:00+00:00,DRY_VAN,1225.00,1225.000000000000000000000000,0E-24,1225.000000000000000000000000,1225.000000000000000000000000,true,NEAR_EXACT,1,1,SPARSE_EVIDENCE;BROADER_FALLBACK
29522728-0f37-4eb8-8f7b-7089d34e417c,59721c4b-0a41-43d8-9461-3abc1035dbd8,2026-07-08T18:00:00+00:00,DRY_VAN,1150.00,1150.000000000000000000000000,0E-24,1150.000000000000000000000000,1150.000000000000000000000000,true,NEAR_EXACT,2,1.376525455529072019139706600,SPARSE_EVIDENCE;BROADER_FALLBACK
6d1422b6-08b4-45fd-afb8-a3af07706be7,5e0698d0-7725-4cb2-8ef4-4e7dbcbd66db,2026-07-08T18:00:00+00:00,REEFER,1225.00,1225.00,0.00,1225.00,1225.00,true,NEAR_EXACT,4,2.935503801482570324874552218,SPARSE_EVIDENCE
cd29af52-3bda-4111-ae6f-fa84031a1097,6ae85b23-5fd4-490f-badc-28cc9935cb62,2026-07-08T18:00:00+00:00,DRY_VAN,1225.00,1225.000000000000000000000000,0E-24,1225.000000000000000000000000,1225.000000000000000000000000,true,NEAR_EXACT,1,1,SPARSE_EVIDENCE;BROADER_FALLBACK
2bddccf5-a812-4944-9d3e-c04f4c68e9f6,6f8d79f4-1801-44c7-9303-fe9bed7b1669,2026-07-08T18:00:00+00:00,REEFER,1225.00,1225.000000000000000000000000,0E-24,1225.000000000000000000000000,1225.000000000000000000000000,true,NEAR_EXACT,3,2.452473980129677124263987900,SPARSE_EVIDENCE;BROADER_FALLBACK
2fdf5ab6-6379-46e8-baa8-cf7ed24e37e6,728e79c3-54d6-4946-acb7-df01e90deccd,2026-07-08T18:00:00+00:00,DRY_VAN,1225.00,1225.000000000000000000000000,0E-24,1225.000000000000000000000000,1225.000000000000000000000000,true,NEAR_EXACT,1,1,SPARSE_EVIDENCE;BROADER_FALLBACK
6f3e9718-5289-4ca8-ba4d-d8fec64b053f,781aff8f-2224-4488-b7f8-e8a15c31dd15,2026-07-08T18:00:00+00:00,DRY_VAN,1225.00,1225.000000000000000000000000,0E-24,1225.000000000000000000000000,1225.000000000000000000000000,true,NEAR_EXACT,1,1,SPARSE_EVIDENCE;BROADER_FALLBACK
2011cd67-59cb-41ea-82e0-3a705c910ea3,7cccb3f5-940f-4f92-b12f-46f5a58db873,2026-07-08T18:00:00+00:00,DRY_VAN,1225.00,1225.000000000000000000000000,0E-24,1225.000000000000000000000000,1225.000000000000000000000000,true,NEAR_EXACT,1,1,SPARSE_EVIDENCE;BROADER_FALLBACK
6c1e4ec4-5af0-47cc-9d63-044f6314607e,7fb172bc-f5dc-46bc-933a-6a592a43d452,2026-07-08T18:00:00+00:00,REEFER,1225.00,1225.000000000000000000000000,0E-24,1225.000000000000000000000000,1225.000000000000000000000000,true,NEAR_EXACT,3,2.452473980129677124263987900,SPARSE_EVIDENCE;BROADER_FALLBACK
7ccd4aad-b1f6-4539-8514-4862ebab34c9,815de89b-172e-42ac-b3f7-dcd667be218d,2026-07-08T18:00:00+00:00,REEFER,1225.00,1225.000000000000000000000000,0E-24,1225.000000000000000000000000,1225.000000000000000000000000,true,NEAR_EXACT,3,2.452473980129677124263987900,SPARSE_EVIDENCE;BROADER_FALLBACK
378d7f8e-327b-4f12-b2dd-241aec0e67b8,896d0e18-81d3-44cf-ab9e-d9f6a87ebf15,2026-07-08T18:00:00+00:00,DRY_VAN,4750.00,4750.000000000000000000000000,0E-24,4750.000000000000000000000000,4750.000000000000000000000000,true,NEAR_EXACT,2,1.376525455529072019139706600,SPARSE_EVIDENCE;BROADER_FALLBACK
419f01e6-c8f2-44fd-b11c-75e17f164648,8cb26d79-7db3-40c0-ac4c-553d7101219e,2026-07-08T18:00:00+00:00,DRY_VAN,1225.00,1225.000000000000000000000000,0E-24,1225.000000000000000000000000,1225.000000000000000000000000,true,NEAR_EXACT,1,1,SPARSE_EVIDENCE;BROADER_FALLBACK
ee938e9e-cf7f-4605-a910-cf6fdccb2d57,af1ad549-2f0d-4f69-aea3-18813cb0a05a,2026-07-08T18:00:00+00:00,REEFER,1225.00,1225.000000000000000000000000,0E-24,1225.000000000000000000000000,1225.000000000000000000000000,true,NEAR_EXACT,3,2.452473980129677124263987900,SPARSE_EVIDENCE;BROADER_FALLBACK
bdb1d228-64e5-4e8c-974c-66af7c705286,cfc10e07-c2f2-4358-a760-1abae10f20a1,2026-07-08T18:00:00+00:00,DRY_VAN,1150.00,1150.000000000000000000000000,0E-24,1150.000000000000000000000000,1150.000000000000000000000000,true,NEAR_EXACT,2,1.376525455529072019139706600,SPARSE_EVIDENCE;BROADER_FALLBACK
155174b2-2ed0-468d-abd5-c3f38705e24b,d169578b-9505-458c-a796-94dffa77b4db,2026-07-08T18:00:00+00:00,REEFER,1225.00,1225.000000000000000000000000,0E-24,1225.000000000000000000000000,1225.000000000000000000000000,true,NEAR_EXACT,3,2.452473980129677124263987900,SPARSE_EVIDENCE;BROADER_FALLBACK
7bdce099-716d-47a6-a983-2a145e175f89,d2e2835f-ec67-4978-a2ab-e582beaed645,2026-07-08T18:00:00+00:00,DRY_VAN,1225.00,1225.000000000000000000000000,0E-24,1225.000000000000000000000000,1225.000000000000000000000000,true,NEAR_EXACT,1,1,SPARSE_EVIDENCE;BROADER_FALLBACK
6a7c4d60-2df3-4b9b-825b-19ddb2672ef1,d88f9594-8457-451a-b64c-d01bf68925ef,2026-07-08T18:00:00+00:00,DRY_VAN,4750.00,4750.000000000000000000000000,0E-24,4750.000000000000000000000000,4750.000000000000000000000000,true,NEAR_EXACT,2,1.376525455529072019139706600,SPARSE_EVIDENCE;BROADER_FALLBACK
3e10e325-5a0e-45dc-9aab-43b4538eab01,db50a885-afa1-4f70-bd02-96066f92e399,2026-07-08T18:00:00+00:00,DRY_VAN,4750.00,4750.000000000000000000000000,0E-24,4750.000000000000000000000000,4750.000000000000000000000000,true,NEAR_EXACT,2,1.376525455529072019139706600,SPARSE_EVIDENCE;BROADER_FALLBACK
8f7d7c30-777b-474f-9336-a9767966e918,de11cf55-07f2-4556-a957-8971fd1a9016,2026-07-08T18:00:00+00:00,REEFER,1225.00,1225.000000000000000000000000,0E-24,1225.000000000000000000000000,1225.000000000000000000000000,true,NEAR_EXACT,3,2.452473980129677124263987900,SPARSE_EVIDENCE;BROADER_FALLBACK
a7586881-129c-40eb-bfda-fa608063237f,ef1f5ff3-153b-412a-91ab-a9efb00a7b9a,2026-07-08T18:00:00+00:00,REEFER,1225.00,1225.000000000000000000000000,0E-24,1225.000000000000000000000000,1225.000000000000000000000000,true,NEAR_EXACT,3,2.452473980129677124263987900,SPARSE_EVIDENCE;BROADER_FALLBACK
602f06ba-9e92-45ad-a947-1ef9f2123b9a,f9a87717-6460-43a7-a163-34de43b011b1,2026-07-08T18:00:00+00:00,DRY_VAN,1150.00,1150.000000000000000000000000,0E-24,1150.000000000000000000000000,1150.000000000000000000000000,true,NEAR_EXACT,2,1.376525455529072019139706600,SPARSE_EVIDENCE;BROADER_FALLBACK
e01ac9da-098d-42af-9a47-6e31ab02d928,fbbbdf79-9b93-49a6-ba8d-5a7104eb7473,2026-07-08T18:00:00+00:00,DRY_VAN,1150.00,1150.000000000000000000000000,0E-24,1150.000000000000000000000000,1150.000000000000000000000000,true,NEAR_EXACT,2,1.376525455529072019139706600,SPARSE_EVIDENCE;BROADER_FALLBACK
b826cc4c-9ba1-488d-ae75-bfb9b5826cb4,fc0512a3-2e3b-4435-945b-6988c801c32d,2026-07-08T18:00:00+00:00,DRY_VAN,1225.00,1225.000000000000000000000000,0E-24,1225.000000000000000000000000,1225.000000000000000000000000,true,NEAR_EXACT,1,1,SPARSE_EVIDENCE;BROADER_FALLBACK
7b4a6edf-1e2a-48a1-9652-372f90d87b74,ffcbf442-b264-42b3-927f-0d1330f75e5b,2026-07-08T18:00:00+00:00,REEFER,1225.00,1225.000000000000000000000000,0E-24,1225.000000000000000000000000,1225.000000000000000000000000,true,NEAR_EXACT,3,2.452473980129677124263987900,SPARSE_EVIDENCE;BROADER_FALLBACK
